手帳種別,手帳詳細,等級,サービス種別,サービス,判定,メモ
身　体　障　がい　者　手　帳,視覚障がい,1級,医療,精神障がい者入院医療援護金,,
身　体　障　がい　者　手　帳,視覚障がい,1級,医療,特定健康診査・がん検診等の一部負担金の免除,○,
身　体　障　がい　者　手　帳,視覚障がい,1級,補装具　他,補装具の購入・修理,△,
身　体　障　がい　者　手　帳,視覚障がい,1級,補装具　他,計画相談支援・障がい児相談支援,△,
身　体　障　がい　者　手　帳,視覚障がい,1級,補装具　他,介護給付費・訓練等給付費等の支給,○,
身　体　障　がい　者　手　帳,視覚障がい,1級,補装具　他,移動支援事業,○,
身　体　障　がい　者　手　帳,視覚障がい,1級,補装具　他,重度身体障がい者訪問入浴サービス,,
身　体　障　がい　者　手　帳,視覚障がい,1級,補装具　他,日中一時支援事業,△,
身　体　障　がい　者　手　帳,視覚障がい,1級,補装具　他,日常生活用具の給付,△,
身　体　障　がい　者　手　帳,視覚障がい,1級,住宅,住宅設備改良費の助成①,,
身　体　障　がい　者　手　帳,視覚障がい,1級,住宅,住宅設備改良費の助成②,△,
身　体　障　がい　者　手　帳,視覚障がい,1級,住宅,市営住宅の入居優遇,○,
身　体　障　がい　者　手　帳,視覚障がい,1級,住宅,県営住宅の入居優遇,○,
身　体　障　がい　者　手　帳,視覚障がい,1級,住宅,身体障がい者世帯向県営住宅,○,
身　体　障　がい　者　手　帳,視覚障がい,1級,住宅,県営住宅家賃の減額,○,
身　体　障　がい　者　手　帳,視覚障がい,1級,情報・伝達支援,点字・声の広報の発行,○,
身　体　障　がい　者　手　帳,視覚障がい,1級,情報・伝達支援,点字・声の市議会だよりの発行,○,
身　体　障　がい　者　手　帳,視覚障がい,1級,情報・伝達支援,点字・録音図書の製作と貸出,○,
身　体　障　がい　者　手　帳,視覚障がい,1級,情報・伝達支援,手話・要約筆記者の設置・派遣,,
身　体　障　がい　者　手　帳,視覚障がい,1級,情報・伝達支援,FAX119番,,
身　体　障　がい　者　手　帳,視覚障がい,1級,情報・伝達支援,Eメール119番通報システム,,
身　体　障　がい　者　手　帳,視覚障がい,1級,情報・伝達支援,Net119緊急通報システム,,
身　体　障　がい　者　手　帳,視覚障がい,1級,情報・伝達支援,県警FAX110番,,
身　体　障　がい　者　手　帳,視覚障がい,1級,情報・伝達支援,電話リレーサービス,,
身　体　障　がい　者　手　帳,視覚障がい,1級,情報・伝達支援,通常はがき（青い鳥はがき）の無償配布,○,
身　体　障　がい　者　手　帳,視覚障がい,1級,情報・伝達支援,声の資源とごみの分け方・出し方（収集日程カレンダー含）の発行,○,
身　体　障　がい　者　手　帳,視覚障がい,1級,社会参加支援,鉄道等運賃の割引,○,
身　体　障　がい　者　手　帳,視覚障がい,1級,社会参加支援,バス運賃の割引,○,
身　体　障　がい　者　手　帳,視覚障がい,1級,社会参加支援,国内航空運賃の割引,△,
身　体　障　がい　者　手　帳,視覚障がい,1級,社会参加支援,フェリー等運賃の割引,○,
身　体　障　がい　者　手　帳,視覚障がい,1級,社会参加支援,タクシー料金の割引,○,
身　体　障　がい　者　手　帳,視覚障がい,1級,社会参加支援,福祉タクシー利用助成,○,
身　体　障　がい　者　手　帳,視覚障がい,1級,社会参加支援,有料道路通行料金の割引,○,
身　体　障　がい　者　手　帳,視覚障がい,1級,社会参加支援,公共自動車駐車場料金の減免(湘南台駅地下自動車駐車場),○,
身　体　障　がい　者　手　帳,視覚障がい,1級,社会参加支援,公共自動車駐車場料金の減免(奥田公園駐車場）,○,
身　体　障　がい　者　手　帳,視覚障がい,1級,社会参加支援,市営有料自転車等駐車場利用料金の減免,○,
身　体　障　がい　者　手　帳,視覚障がい,1級,社会参加支援,駐車禁止除外指定,○,
身　体　障　がい　者　手　帳,視覚障がい,1級,手当・年金等,障がい児福祉手当,△,
身　体　障　がい　者　手　帳,視覚障がい,1級,手当・年金等,特別障がい者手当,△,
身　体　障　がい　者　手　帳,視覚障がい,1級,手当・年金等,神奈川県在宅重度障がい者等手当,△,
身　体　障　がい　者　手　帳,視覚障がい,1級,手当・年金等,藤沢市障がい者福祉手当,△,
身　体　障　がい　者　手　帳,視覚障がい,1級,手当・年金等,藤沢市外国籍等障がい者福祉給付金,△,
身　体　障　がい　者　手　帳,視覚障がい,1級,手当・年金等,藤沢市重度心身障がい者介護手当,△,
身　体　障　がい　者　手　帳,視覚障がい,1級,手当・年金等,特別児童扶養手当,△,
身　体　障　がい　者　手　帳,視覚障がい,1級,手当・年金等,児童扶養手当,△,
身　体　障　がい　者　手　帳,視覚障がい,1級,手当・年金等,障がい厚生年金・障がい共済年金,○,
身　体　障　がい　者　手　帳,視覚障がい,1級,手当・年金等,障がい基礎年金,○,
身　体　障　がい　者　手　帳,視覚障がい,1級,手当・年金等,特別障がい給付金,○,
身　体　障　がい　者　手　帳,視覚障がい,1級,手当・年金等,心身障がい者扶養共済制度,○,
身　体　障　がい　者　手　帳,視覚障がい,1級,手当・年金等,生活保護の障がい者加算,○,
身　体　障　がい　者　手　帳,視覚障がい,1級,公共料金の割引・税金の控除,下水道使用料の減額,○,
身　体　障　がい　者　手　帳,視覚障がい,1級,公共料金の割引・税金の控除,水道料金の減額,○,
身　体　障　がい　者　手　帳,視覚障がい,1級,公共料金の割引・税金の控除,NHK放送受信料の免除（全額）,△,
身　体　障　がい　者　手　帳,視覚障がい,1級,公共料金の割引・税金の控除,NHK放送受信料の免除（半額）,△,
身　体　障　がい　者　手　帳,視覚障がい,1級,公共料金の割引・税金の控除,NTT電話番号案内料の免除,○,
身　体　障　がい　者　手　帳,視覚障がい,1級,公共料金の割引・税金の控除,携帯電話基本使用料等の割引,○,
身　体　障　がい　者　手　帳,視覚障がい,1級,公共料金の割引・税金の控除,所得税、市・県民税、相続税の障がい者控除および市・県民税非課税基準,○,
身　体　障　がい　者　手　帳,視覚障がい,1級,税金の控除,贈与税の非課税,○,
身　体　障　がい　者　手　帳,視覚障がい,1級,税金の控除,個人事業税の非課税・減免,○,
身　体　障　がい　者　手　帳,視覚障がい,1級,税金の控除,預貯金の利子非課税制度,○,
身　体　障　がい　者　手　帳,視覚障がい,1級,税金の控除,自動車税種別割・自動車税（軽自動車税）環境性能割の減免,○,
身　体　障　がい　者　手　帳,視覚障がい,1級,税金の控除,軽自動車税種別割の減免,○,
身　体　障　がい　者　手　帳,視覚障がい,1級,就労・雇用,藤沢公共職業安定所（ハローワーク藤沢）,○,
身　体　障　がい　者　手　帳,視覚障がい,1級,就労・雇用,神奈川県障害者職業能力開発校,○,
身　体　障　がい　者　手　帳,視覚障がい,1級,スポーツ・文化・レクリエーション,福祉バス「ともしび号」の運行,○,
身　体　障　がい　者　手　帳,視覚障がい,2級,医療,精神障がい者入院医療援護金,,
身　体　障　がい　者　手　帳,視覚障がい,2級,医療,特定健康診査・がん検診等の一部負担金の免除,○,
身　体　障　がい　者　手　帳,視覚障がい,2級,補装具　他,補装具の購入・修理,△,
身　体　障　がい　者　手　帳,視覚障がい,2級,補装具　他,計画相談支援・障がい児相談支援,△,
身　体　障　がい　者　手　帳,視覚障がい,2級,補装具　他,介護給付費・訓練等給付費等の支給,○,
身　体　障　がい　者　手　帳,視覚障がい,2級,補装具　他,移動支援事業,○,
身　体　障　がい　者　手　帳,視覚障がい,2級,補装具　他,重度身体障がい者訪問入浴サービス,,
身　体　障　がい　者　手　帳,視覚障がい,2級,補装具　他,日中一時支援事業,△,
身　体　障　がい　者　手　帳,視覚障がい,2級,補装具　他,日常生活用具の給付,△,
身　体　障　がい　者　手　帳,視覚障がい,2級,住宅,住宅設備改良費の助成①,,
身　体　障　がい　者　手　帳,視覚障がい,2級,住宅,住宅設備改良費の助成②,△,
身　体　障　がい　者　手　帳,視覚障がい,2級,住宅,市営住宅の入居優遇,○,
身　体　障　がい　者　手　帳,視覚障がい,2級,住宅,県営住宅の入居優遇,○,
身　体　障　がい　者　手　帳,視覚障がい,2級,住宅,身体障がい者世帯向県営住宅,○,
身　体　障　がい　者　手　帳,視覚障がい,2級,住宅,県営住宅家賃の減額,○,
身　体　障　がい　者　手　帳,視覚障がい,2級,情報・伝達支援,点字・声の広報の発行,○,
身　体　障　がい　者　手　帳,視覚障がい,2級,情報・伝達支援,点字・声の市議会だよりの発行,○,
身　体　障　がい　者　手　帳,視覚障がい,2級,情報・伝達支援,点字・録音図書の製作と貸出,○,
身　体　障　がい　者　手　帳,視覚障がい,2級,情報・伝達支援,手話・要約筆記者の設置・派遣,,
身　体　障　がい　者　手　帳,視覚障がい,2級,情報・伝達支援,FAX119番,,
身　体　障　がい　者　手　帳,視覚障がい,2級,情報・伝達支援,Eメール119番通報システム,,
身　体　障　がい　者　手　帳,視覚障がい,2級,情報・伝達支援,Net119緊急通報システム,,
身　体　障　がい　者　手　帳,視覚障がい,2級,情報・伝達支援,県警FAX110番,,
身　体　障　がい　者　手　帳,視覚障がい,2級,情報・伝達支援,電話リレーサービス,,
身　体　障　がい　者　手　帳,視覚障がい,2級,情報・伝達支援,通常はがき（青い鳥はがき）の無償配布,○,
身　体　障　がい　者　手　帳,視覚障がい,2級,情報・伝達支援,声の資源とごみの分け方・出し方（収集日程カレンダー含）の発行,○,
身　体　障　がい　者　手　帳,視覚障がい,2級,社会参加支援,鉄道等運賃の割引,○,
身　体　障　がい　者　手　帳,視覚障がい,2級,社会参加支援,バス運賃の割引,○,
身　体　障　がい　者　手　帳,視覚障がい,2級,社会参加支援,国内航空運賃の割引,△,
身　体　障　がい　者　手　帳,視覚障がい,2級,社会参加支援,フェリー等運賃の割引,○,
身　体　障　がい　者　手　帳,視覚障がい,2級,社会参加支援,タクシー料金の割引,○,
身　体　障　がい　者　手　帳,視覚障がい,2級,社会参加支援,福祉タクシー利用助成,○,
身　体　障　がい　者　手　帳,視覚障がい,2級,社会参加支援,有料道路通行料金の割引,○,
身　体　障　がい　者　手　帳,視覚障がい,2級,社会参加支援,公共自動車駐車場料金の減免(湘南台駅地下自動車駐車場),○,
身　体　障　がい　者　手　帳,視覚障がい,2級,社会参加支援,公共自動車駐車場料金の減免(奥田公園駐車場）,○,
身　体　障　がい　者　手　帳,視覚障がい,2級,社会参加支援,市営有料自転車等駐車場利用料金の減免,○,
身　体　障　がい　者　手　帳,視覚障がい,2級,社会参加支援,駐車禁止除外指定,○,
身　体　障　がい　者　手　帳,視覚障がい,2級,手当・年金等,障がい児福祉手当,△,
身　体　障　がい　者　手　帳,視覚障がい,2級,手当・年金等,特別障がい者手当,△,
身　体　障　がい　者　手　帳,視覚障がい,2級,手当・年金等,神奈川県在宅重度障がい者等手当,△,
身　体　障　がい　者　手　帳,視覚障がい,2級,手当・年金等,藤沢市障がい者福祉手当,△,
身　体　障　がい　者　手　帳,視覚障がい,2級,手当・年金等,藤沢市外国籍等障がい者福祉給付金,△,
身　体　障　がい　者　手　帳,視覚障がい,2級,手当・年金等,藤沢市重度心身障がい者介護手当,△,
身　体　障　がい　者　手　帳,視覚障がい,2級,手当・年金等,特別児童扶養手当,△,
身　体　障　がい　者　手　帳,視覚障がい,2級,手当・年金等,児童扶養手当,△,
身　体　障　がい　者　手　帳,視覚障がい,2級,手当・年金等,障がい厚生年金・障がい共済年金,△,
身　体　障　がい　者　手　帳,視覚障がい,2級,手当・年金等,障がい基礎年金,△,
身　体　障　がい　者　手　帳,視覚障がい,2級,手当・年金等,特別障がい給付金,△,
身　体　障　がい　者　手　帳,視覚障がい,2級,手当・年金等,心身障がい者扶養共済制度,○,
身　体　障　がい　者　手　帳,視覚障がい,2級,手当・年金等,生活保護の障がい者加算,○,
身　体　障　がい　者　手　帳,視覚障がい,2級,公共料金の割引・税金の控除,下水道使用料の減額,○,
身　体　障　がい　者　手　帳,視覚障がい,2級,公共料金の割引・税金の控除,水道料金の減額,○,
身　体　障　がい　者　手　帳,視覚障がい,2級,公共料金の割引・税金の控除,NHK放送受信料の免除（全額）,△,
身　体　障　がい　者　手　帳,視覚障がい,2級,公共料金の割引・税金の控除,NHK放送受信料の免除（半額）,△,
身　体　障　がい　者　手　帳,視覚障がい,2級,公共料金の割引・税金の控除,NTT電話番号案内料の免除,○,
身　体　障　がい　者　手　帳,視覚障がい,2級,公共料金の割引・税金の控除,携帯電話基本使用料等の割引,○,
身　体　障　がい　者　手　帳,視覚障がい,2級,公共料金の割引・税金の控除,所得税、市・県民税、相続税の障がい者控除および市・県民税非課税基準,○,
身　体　障　がい　者　手　帳,視覚障がい,2級,税金の控除,贈与税の非課税,○,
身　体　障　がい　者　手　帳,視覚障がい,2級,税金の控除,個人事業税の非課税・減免,○,
身　体　障　がい　者　手　帳,視覚障がい,2級,税金の控除,預貯金の利子非課税制度,○,
身　体　障　がい　者　手　帳,視覚障がい,2級,税金の控除,自動車税種別割・自動車税（軽自動車税）環境性能割の減免,○,
身　体　障　がい　者　手　帳,視覚障がい,2級,税金の控除,軽自動車税種別割の減免,○,
身　体　障　がい　者　手　帳,視覚障がい,2級,就労・雇用,藤沢公共職業安定所（ハローワーク藤沢）,○,
身　体　障　がい　者　手　帳,視覚障がい,2級,就労・雇用,神奈川県障害者職業能力開発校,○,
身　体　障　がい　者　手　帳,視覚障がい,2級,スポーツ・文化・レクリエーション,福祉バス「ともしび号」の運行,○,
身　体　障　がい　者　手　帳,視覚障がい,3級,医療,精神障がい者入院医療援護金,,
身　体　障　がい　者　手　帳,視覚障がい,3級,医療,特定健康診査・がん検診等の一部負担金の免除,○,
身　体　障　がい　者　手　帳,視覚障がい,3級,補装具　他,補装具の購入・修理,△,
身　体　障　がい　者　手　帳,視覚障がい,3級,補装具　他,計画相談支援・障がい児相談支援,△,
身　体　障　がい　者　手　帳,視覚障がい,3級,補装具　他,介護給付費・訓練等給付費等の支給,○,
身　体　障　がい　者　手　帳,視覚障がい,3級,補装具　他,移動支援事業,○,
身　体　障　がい　者　手　帳,視覚障がい,3級,補装具　他,重度身体障がい者訪問入浴サービス,,
身　体　障　がい　者　手　帳,視覚障がい,3級,補装具　他,日中一時支援事業,,
身　体　障　がい　者　手　帳,視覚障がい,3級,補装具　他,日常生活用具の給付,△,
身　体　障　がい　者　手　帳,視覚障がい,3級,住宅,住宅設備改良費の助成①,,
身　体　障　がい　者　手　帳,視覚障がい,3級,住宅,住宅設備改良費の助成②,△,
身　体　障　がい　者　手　帳,視覚障がい,3級,住宅,市営住宅の入居優遇,○,
身　体　障　がい　者　手　帳,視覚障がい,3級,住宅,県営住宅の入居優遇,○,
身　体　障　がい　者　手　帳,視覚障がい,3級,住宅,身体障がい者世帯向県営住宅,○,
身　体　障　がい　者　手　帳,視覚障がい,3級,住宅,県営住宅家賃の減額,○,
身　体　障　がい　者　手　帳,視覚障がい,3級,情報・伝達支援,点字・声の広報の発行,○,
身　体　障　がい　者　手　帳,視覚障がい,3級,情報・伝達支援,点字・声の市議会だよりの発行,○,
身　体　障　がい　者　手　帳,視覚障がい,3級,情報・伝達支援,点字・録音図書の製作と貸出,○,
身　体　障　がい　者　手　帳,視覚障がい,3級,情報・伝達支援,手話・要約筆記者の設置・派遣,,
身　体　障　がい　者　手　帳,視覚障がい,3級,情報・伝達支援,FAX119番,,
身　体　障　がい　者　手　帳,視覚障がい,3級,情報・伝達支援,Eメール119番通報システム,,
身　体　障　がい　者　手　帳,視覚障がい,3級,情報・伝達支援,Net119緊急通報システム,,
身　体　障　がい　者　手　帳,視覚障がい,3級,情報・伝達支援,県警FAX110番,,
身　体　障　がい　者　手　帳,視覚障がい,3級,情報・伝達支援,電話リレーサービス,,
身　体　障　がい　者　手　帳,視覚障がい,3級,情報・伝達支援,通常はがき（青い鳥はがき）の無償配布,,
身　体　障　がい　者　手　帳,視覚障がい,3級,情報・伝達支援,声の資源とごみの分け方・出し方（収集日程カレンダー含）の発行,○,
身　体　障　がい　者　手　帳,視覚障がい,3級,社会参加支援,鉄道等運賃の割引,○,
身　体　障　がい　者　手　帳,視覚障がい,3級,社会参加支援,バス運賃の割引,○,
身　体　障　がい　者　手　帳,視覚障がい,3級,社会参加支援,国内航空運賃の割引,△,
身　体　障　がい　者　手　帳,視覚障がい,3級,社会参加支援,フェリー等運賃の割引,○,
身　体　障　がい　者　手　帳,視覚障がい,3級,社会参加支援,タクシー料金の割引,○,
身　体　障　がい　者　手　帳,視覚障がい,3級,社会参加支援,福祉タクシー利用助成,△,
身　体　障　がい　者　手　帳,視覚障がい,3級,社会参加支援,有料道路通行料金の割引,○,
身　体　障　がい　者　手　帳,視覚障がい,3級,社会参加支援,公共自動車駐車場料金の減免(湘南台駅地下自動車駐車場),○,
身　体　障　がい　者　手　帳,視覚障がい,3級,社会参加支援,公共自動車駐車場料金の減免(奥田公園駐車場）,○,
身　体　障　がい　者　手　帳,視覚障がい,3級,社会参加支援,市営有料自転車等駐車場利用料金の減免,○,
身　体　障　がい　者　手　帳,視覚障がい,3級,社会参加支援,駐車禁止除外指定,○,
身　体　障　がい　者　手　帳,視覚障がい,3級,手当・年金等,障がい児福祉手当,,
身　体　障　がい　者　手　帳,視覚障がい,3級,手当・年金等,特別障がい者手当,,
身　体　障　がい　者　手　帳,視覚障がい,3級,手当・年金等,神奈川県在宅重度障がい者等手当,△,
身　体　障　がい　者　手　帳,視覚障がい,3級,手当・年金等,藤沢市障がい者福祉手当,△,
身　体　障　がい　者　手　帳,視覚障がい,3級,手当・年金等,藤沢市外国籍等障がい者福祉給付金,△,
身　体　障　がい　者　手　帳,視覚障がい,3級,手当・年金等,藤沢市重度心身障がい者介護手当,,
身　体　障　がい　者　手　帳,視覚障がい,3級,手当・年金等,特別児童扶養手当,△,
身　体　障　がい　者　手　帳,視覚障がい,3級,手当・年金等,児童扶養手当,,
身　体　障　がい　者　手　帳,視覚障がい,3級,手当・年金等,障がい厚生年金・障がい共済年金,△,
身　体　障　がい　者　手　帳,視覚障がい,3級,手当・年金等,障がい基礎年金,△,
身　体　障　がい　者　手　帳,視覚障がい,3級,手当・年金等,特別障がい給付金,△,
身　体　障　がい　者　手　帳,視覚障がい,3級,手当・年金等,心身障がい者扶養共済制度,○,
身　体　障　がい　者　手　帳,視覚障がい,3級,手当・年金等,生活保護の障がい者加算,○,
身　体　障　がい　者　手　帳,視覚障がい,3級,公共料金の割引・税金の控除,下水道使用料の減額,○,
身　体　障　がい　者　手　帳,視覚障がい,3級,公共料金の割引・税金の控除,水道料金の減額,△,
身　体　障　がい　者　手　帳,視覚障がい,3級,公共料金の割引・税金の控除,NHK放送受信料の免除（全額）,△,
身　体　障　がい　者　手　帳,視覚障がい,3級,公共料金の割引・税金の控除,NHK放送受信料の免除（半額）,△,
身　体　障　がい　者　手　帳,視覚障がい,3級,公共料金の割引・税金の控除,NTT電話番号案内料の免除,○,
身　体　障　がい　者　手　帳,視覚障がい,3級,公共料金の割引・税金の控除,携帯電話基本使用料等の割引,○,
身　体　障　がい　者　手　帳,視覚障がい,3級,公共料金の割引・税金の控除,所得税、市・県民税、相続税の障がい者控除および市・県民税非課税基準,○,
身　体　障　がい　者　手　帳,視覚障がい,3級,税金の控除,贈与税の非課税,,
身　体　障　がい　者　手　帳,視覚障がい,3級,税金の控除,個人事業税の非課税・減免,○,
身　体　障　がい　者　手　帳,視覚障がい,3級,税金の控除,預貯金の利子非課税制度,○,
身　体　障　がい　者　手　帳,視覚障がい,3級,税金の控除,自動車税種別割・自動車税（軽自動車税）環境性能割の減免,○,
身　体　障　がい　者　手　帳,視覚障がい,3級,税金の控除,軽自動車税種別割の減免,○,
身　体　障　がい　者　手　帳,視覚障がい,3級,就労・雇用,藤沢公共職業安定所（ハローワーク藤沢）,○,
身　体　障　がい　者　手　帳,視覚障がい,3級,就労・雇用,神奈川県障害者職業能力開発校,○,
身　体　障　がい　者　手　帳,視覚障がい,3級,スポーツ・文化・レクリエーション,福祉バス「ともしび号」の運行,○,
身　体　障　がい　者　手　帳,視覚障がい,4級,医療,精神障がい者入院医療援護金,,
身　体　障　がい　者　手　帳,視覚障がい,4級,医療,特定健康診査・がん検診等の一部負担金の免除,,
身　体　障　がい　者　手　帳,視覚障がい,4級,補装具　他,補装具の購入・修理,△,
身　体　障　がい　者　手　帳,視覚障がい,4級,補装具　他,計画相談支援・障がい児相談支援,△,
身　体　障　がい　者　手　帳,視覚障がい,4級,補装具　他,介護給付費・訓練等給付費等の支給,○,
身　体　障　がい　者　手　帳,視覚障がい,4級,補装具　他,移動支援事業,○,
身　体　障　がい　者　手　帳,視覚障がい,4級,補装具　他,重度身体障がい者訪問入浴サービス,,
身　体　障　がい　者　手　帳,視覚障がい,4級,補装具　他,日中一時支援事業,,
身　体　障　がい　者　手　帳,視覚障がい,4級,補装具　他,日常生活用具の給付,△,
身　体　障　がい　者　手　帳,視覚障がい,4級,住宅,住宅設備改良費の助成①,,
身　体　障　がい　者　手　帳,視覚障がい,4級,住宅,住宅設備改良費の助成②,,
身　体　障　がい　者　手　帳,視覚障がい,4級,住宅,市営住宅の入居優遇,○,
身　体　障　がい　者　手　帳,視覚障がい,4級,住宅,県営住宅の入居優遇,○,
身　体　障　がい　者　手　帳,視覚障がい,4級,住宅,身体障がい者世帯向県営住宅,○,
身　体　障　がい　者　手　帳,視覚障がい,4級,住宅,県営住宅家賃の減額,○,
身　体　障　がい　者　手　帳,視覚障がい,4級,情報・伝達支援,点字・声の広報の発行,○,
身　体　障　がい　者　手　帳,視覚障がい,4級,情報・伝達支援,点字・声の市議会だよりの発行,○,
身　体　障　がい　者　手　帳,視覚障がい,4級,情報・伝達支援,点字・録音図書の製作と貸出,○,
身　体　障　がい　者　手　帳,視覚障がい,4級,情報・伝達支援,手話・要約筆記者の設置・派遣,,
身　体　障　がい　者　手　帳,視覚障がい,4級,情報・伝達支援,FAX119番,,
身　体　障　がい　者　手　帳,視覚障がい,4級,情報・伝達支援,Eメール119番通報システム,,
身　体　障　がい　者　手　帳,視覚障がい,4級,情報・伝達支援,Net119緊急通報システム,,
身　体　障　がい　者　手　帳,視覚障がい,4級,情報・伝達支援,県警FAX110番,,
身　体　障　がい　者　手　帳,視覚障がい,4級,情報・伝達支援,電話リレーサービス,,
身　体　障　がい　者　手　帳,視覚障がい,4級,情報・伝達支援,通常はがき（青い鳥はがき）の無償配布,,
身　体　障　がい　者　手　帳,視覚障がい,4級,情報・伝達支援,声の資源とごみの分け方・出し方（収集日程カレンダー含）の発行,○,
身　体　障　がい　者　手　帳,視覚障がい,4級,社会参加支援,鉄道等運賃の割引,○,
身　体　障　がい　者　手　帳,視覚障がい,4級,社会参加支援,バス運賃の割引,○,
身　体　障　がい　者　手　帳,視覚障がい,4級,社会参加支援,国内航空運賃の割引,△,
身　体　障　がい　者　手　帳,視覚障がい,4級,社会参加支援,フェリー等運賃の割引,○,
身　体　障　がい　者　手　帳,視覚障がい,4級,社会参加支援,タクシー料金の割引,○,
身　体　障　がい　者　手　帳,視覚障がい,4級,社会参加支援,福祉タクシー利用助成,,
身　体　障　がい　者　手　帳,視覚障がい,4級,社会参加支援,有料道路通行料金の割引,△,
身　体　障　がい　者　手　帳,視覚障がい,4級,社会参加支援,公共自動車駐車場料金の減免(湘南台駅地下自動車駐車場),○,
身　体　障　がい　者　手　帳,視覚障がい,4級,社会参加支援,公共自動車駐車場料金の減免(奥田公園駐車場）,,
身　体　障　がい　者　手　帳,視覚障がい,4級,社会参加支援,市営有料自転車等駐車場利用料金の減免,○,
身　体　障　がい　者　手　帳,視覚障がい,4級,社会参加支援,駐車禁止除外指定,△,
身　体　障　がい　者　手　帳,視覚障がい,4級,手当・年金等,障がい児福祉手当,,
身　体　障　がい　者　手　帳,視覚障がい,4級,手当・年金等,特別障がい者手当,,
身　体　障　がい　者　手　帳,視覚障がい,4級,手当・年金等,神奈川県在宅重度障がい者等手当,,
身　体　障　がい　者　手　帳,視覚障がい,4級,手当・年金等,藤沢市障がい者福祉手当,,
身　体　障　がい　者　手　帳,視覚障がい,4級,手当・年金等,藤沢市外国籍等障がい者福祉給付金,,
身　体　障　がい　者　手　帳,視覚障がい,4級,手当・年金等,藤沢市重度心身障がい者介護手当,,
身　体　障　がい　者　手　帳,視覚障がい,4級,手当・年金等,特別児童扶養手当,,
身　体　障　がい　者　手　帳,視覚障がい,4級,手当・年金等,児童扶養手当,,
身　体　障　がい　者　手　帳,視覚障がい,4級,手当・年金等,障がい厚生年金・障がい共済年金,△,
身　体　障　がい　者　手　帳,視覚障がい,4級,手当・年金等,障がい基礎年金,,
身　体　障　がい　者　手　帳,視覚障がい,4級,手当・年金等,特別障がい給付金,,
身　体　障　がい　者　手　帳,視覚障がい,4級,手当・年金等,心身障がい者扶養共済制度,,
身　体　障　がい　者　手　帳,視覚障がい,4級,手当・年金等,生活保護の障がい者加算,,
身　体　障　がい　者　手　帳,視覚障がい,4級,公共料金の割引・税金の控除,下水道使用料の減額,,
身　体　障　がい　者　手　帳,視覚障がい,4級,公共料金の割引・税金の控除,水道料金の減額,,
身　体　障　がい　者　手　帳,視覚障がい,4級,公共料金の割引・税金の控除,NHK放送受信料の免除（全額）,△,
身　体　障　がい　者　手　帳,視覚障がい,4級,公共料金の割引・税金の控除,NHK放送受信料の免除（半額）,△,
身　体　障　がい　者　手　帳,視覚障がい,4級,公共料金の割引・税金の控除,NTT電話番号案内料の免除,○,
身　体　障　がい　者　手　帳,視覚障がい,4級,公共料金の割引・税金の控除,携帯電話基本使用料等の割引,○,
身　体　障　がい　者　手　帳,視覚障がい,4級,公共料金の割引・税金の控除,所得税、市・県民税、相続税の障がい者控除および市・県民税非課税基準,○,
身　体　障　がい　者　手　帳,視覚障がい,4級,税金の控除,贈与税の非課税,,
身　体　障　がい　者　手　帳,視覚障がい,4級,税金の控除,個人事業税の非課税・減免,○,
身　体　障　がい　者　手　帳,視覚障がい,4級,税金の控除,預貯金の利子非課税制度,○,
身　体　障　がい　者　手　帳,視覚障がい,4級,税金の控除,自動車税種別割・自動車税（軽自動車税）環境性能割の減免,△,
身　体　障　がい　者　手　帳,視覚障がい,4級,税金の控除,軽自動車税種別割の減免,△,
身　体　障　がい　者　手　帳,視覚障がい,4級,就労・雇用,藤沢公共職業安定所（ハローワーク藤沢）,○,
身　体　障　がい　者　手　帳,視覚障がい,4級,就労・雇用,神奈川県障害者職業能力開発校,○,
身　体　障　がい　者　手　帳,視覚障がい,4級,スポーツ・文化・レクリエーション,福祉バス「ともしび号」の運行,○,
身　体　障　がい　者　手　帳,視覚障がい,5級,医療,精神障がい者入院医療援護金,,
身　体　障　がい　者　手　帳,視覚障がい,5級,医療,特定健康診査・がん検診等の一部負担金の免除,,
身　体　障　がい　者　手　帳,視覚障がい,5級,補装具　他,補装具の購入・修理,△,
身　体　障　がい　者　手　帳,視覚障がい,5級,補装具　他,計画相談支援・障がい児相談支援,△,
身　体　障　がい　者　手　帳,視覚障がい,5級,補装具　他,介護給付費・訓練等給付費等の支給,○,
身　体　障　がい　者　手　帳,視覚障がい,5級,補装具　他,移動支援事業,○,
身　体　障　がい　者　手　帳,視覚障がい,5級,補装具　他,重度身体障がい者訪問入浴サービス,,
身　体　障　がい　者　手　帳,視覚障がい,5級,補装具　他,日中一時支援事業,,
身　体　障　がい　者　手　帳,視覚障がい,5級,補装具　他,日常生活用具の給付,△,
身　体　障　がい　者　手　帳,視覚障がい,5級,住宅,住宅設備改良費の助成①,,
身　体　障　がい　者　手　帳,視覚障がい,5級,住宅,住宅設備改良費の助成②,,
身　体　障　がい　者　手　帳,視覚障がい,5級,住宅,市営住宅の入居優遇,,
身　体　障　がい　者　手　帳,視覚障がい,5級,住宅,県営住宅の入居優遇,,
身　体　障　がい　者　手　帳,視覚障がい,5級,住宅,身体障がい者世帯向県営住宅,,
身　体　障　がい　者　手　帳,視覚障がい,5級,住宅,県営住宅家賃の減額,,
身　体　障　がい　者　手　帳,視覚障がい,5級,情報・伝達支援,点字・声の広報の発行,○,
身　体　障　がい　者　手　帳,視覚障がい,5級,情報・伝達支援,点字・声の市議会だよりの発行,○,
身　体　障　がい　者　手　帳,視覚障がい,5級,情報・伝達支援,点字・録音図書の製作と貸出,○,
身　体　障　がい　者　手　帳,視覚障がい,5級,情報・伝達支援,手話・要約筆記者の設置・派遣,,
身　体　障　がい　者　手　帳,視覚障がい,5級,情報・伝達支援,FAX119番,,
身　体　障　がい　者　手　帳,視覚障がい,5級,情報・伝達支援,Eメール119番通報システム,,
身　体　障　がい　者　手　帳,視覚障がい,5級,情報・伝達支援,Net119緊急通報システム,,
身　体　障　がい　者　手　帳,視覚障がい,5級,情報・伝達支援,県警FAX110番,,
身　体　障　がい　者　手　帳,視覚障がい,5級,情報・伝達支援,電話リレーサービス,,
身　体　障　がい　者　手　帳,視覚障がい,5級,情報・伝達支援,通常はがき（青い鳥はがき）の無償配布,,
身　体　障　がい　者　手　帳,視覚障がい,5級,情報・伝達支援,声の資源とごみの分け方・出し方（収集日程カレンダー含）の発行,○,
身　体　障　がい　者　手　帳,視覚障がい,5級,社会参加支援,鉄道等運賃の割引,○,
身　体　障　がい　者　手　帳,視覚障がい,5級,社会参加支援,バス運賃の割引,○,
身　体　障　がい　者　手　帳,視覚障がい,5級,社会参加支援,国内航空運賃の割引,△,
身　体　障　がい　者　手　帳,視覚障がい,5級,社会参加支援,フェリー等運賃の割引,○,
身　体　障　がい　者　手　帳,視覚障がい,5級,社会参加支援,タクシー料金の割引,○,
身　体　障　がい　者　手　帳,視覚障がい,5級,社会参加支援,福祉タクシー利用助成,,
身　体　障　がい　者　手　帳,視覚障がい,5級,社会参加支援,有料道路通行料金の割引,△,
身　体　障　がい　者　手　帳,視覚障がい,5級,社会参加支援,公共自動車駐車場料金の減免(湘南台駅地下自動車駐車場),○,
身　体　障　がい　者　手　帳,視覚障がい,5級,社会参加支援,公共自動車駐車場料金の減免(奥田公園駐車場）,,
身　体　障　がい　者　手　帳,視覚障がい,5級,社会参加支援,市営有料自転車等駐車場利用料金の減免,○,
身　体　障　がい　者　手　帳,視覚障がい,5級,社会参加支援,駐車禁止除外指定,,
身　体　障　がい　者　手　帳,視覚障がい,5級,手当・年金等,障がい児福祉手当,,
身　体　障　がい　者　手　帳,視覚障がい,5級,手当・年金等,特別障がい者手当,,
身　体　障　がい　者　手　帳,視覚障がい,5級,手当・年金等,神奈川県在宅重度障がい者等手当,,
身　体　障　がい　者　手　帳,視覚障がい,5級,手当・年金等,藤沢市障がい者福祉手当,,
身　体　障　がい　者　手　帳,視覚障がい,5級,手当・年金等,藤沢市外国籍等障がい者福祉給付金,,
身　体　障　がい　者　手　帳,視覚障がい,5級,手当・年金等,藤沢市重度心身障がい者介護手当,,
身　体　障　がい　者　手　帳,視覚障がい,5級,手当・年金等,特別児童扶養手当,,
身　体　障　がい　者　手　帳,視覚障がい,5級,手当・年金等,児童扶養手当,,
身　体　障　がい　者　手　帳,視覚障がい,5級,手当・年金等,障がい厚生年金・障がい共済年金,,
身　体　障　がい　者　手　帳,視覚障がい,5級,手当・年金等,障がい基礎年金,,
身　体　障　がい　者　手　帳,視覚障がい,5級,手当・年金等,特別障がい給付金,,
身　体　障　がい　者　手　帳,視覚障がい,5級,手当・年金等,心身障がい者扶養共済制度,,
身　体　障　がい　者　手　帳,視覚障がい,5級,手当・年金等,生活保護の障がい者加算,,
身　体　障　がい　者　手　帳,視覚障がい,5級,公共料金の割引・税金の控除,下水道使用料の減額,,
身　体　障　がい　者　手　帳,視覚障がい,5級,公共料金の割引・税金の控除,水道料金の減額,,
身　体　障　がい　者　手　帳,視覚障がい,5級,公共料金の割引・税金の控除,NHK放送受信料の免除（全額）,△,
身　体　障　がい　者　手　帳,視覚障がい,5級,公共料金の割引・税金の控除,NHK放送受信料の免除（半額）,△,
身　体　障　がい　者　手　帳,視覚障がい,5級,公共料金の割引・税金の控除,NTT電話番号案内料の免除,○,
身　体　障　がい　者　手　帳,視覚障がい,5級,公共料金の割引・税金の控除,携帯電話基本使用料等の割引,○,
身　体　障　がい　者　手　帳,視覚障がい,5級,公共料金の割引・税金の控除,所得税、市・県民税、相続税の障がい者控除および市・県民税非課税基準,○,
身　体　障　がい　者　手　帳,視覚障がい,5級,税金の控除,贈与税の非課税,,
身　体　障　がい　者　手　帳,視覚障がい,5級,税金の控除,個人事業税の非課税・減免,,
身　体　障　がい　者　手　帳,視覚障がい,5級,税金の控除,預貯金の利子非課税制度,○,
身　体　障　がい　者　手　帳,視覚障がい,5級,税金の控除,自動車税種別割・自動車税（軽自動車税）環境性能割の減免,,
身　体　障　がい　者　手　帳,視覚障がい,5級,税金の控除,軽自動車税種別割の減免,,
身　体　障　がい　者　手　帳,視覚障がい,5級,就労・雇用,藤沢公共職業安定所（ハローワーク藤沢）,○,
身　体　障　がい　者　手　帳,視覚障がい,5級,就労・雇用,神奈川県障害者職業能力開発校,○,
身　体　障　がい　者　手　帳,視覚障がい,5級,スポーツ・文化・レクリエーション,福祉バス「ともしび号」の運行,○,
身　体　障　がい　者　手　帳,視覚障がい,6級,医療,精神障がい者入院医療援護金,,
身　体　障　がい　者　手　帳,視覚障がい,6級,医療,特定健康診査・がん検診等の一部負担金の免除,,
身　体　障　がい　者　手　帳,視覚障がい,6級,補装具　他,補装具の購入・修理,△,
身　体　障　がい　者　手　帳,視覚障がい,6級,補装具　他,計画相談支援・障がい児相談支援,△,
身　体　障　がい　者　手　帳,視覚障がい,6級,補装具　他,介護給付費・訓練等給付費等の支給,○,
身　体　障　がい　者　手　帳,視覚障がい,6級,補装具　他,移動支援事業,○,
身　体　障　がい　者　手　帳,視覚障がい,6級,補装具　他,重度身体障がい者訪問入浴サービス,,
身　体　障　がい　者　手　帳,視覚障がい,6級,補装具　他,日中一時支援事業,,
身　体　障　がい　者　手　帳,視覚障がい,6級,補装具　他,日常生活用具の給付,△,
身　体　障　がい　者　手　帳,視覚障がい,6級,住宅,住宅設備改良費の助成①,,
身　体　障　がい　者　手　帳,視覚障がい,6級,住宅,住宅設備改良費の助成②,,
身　体　障　がい　者　手　帳,視覚障がい,6級,住宅,市営住宅の入居優遇,,
身　体　障　がい　者　手　帳,視覚障がい,6級,住宅,県営住宅の入居優遇,,
身　体　障　がい　者　手　帳,視覚障がい,6級,住宅,身体障がい者世帯向県営住宅,,
身　体　障　がい　者　手　帳,視覚障がい,6級,住宅,県営住宅家賃の減額,,
身　体　障　がい　者　手　帳,視覚障がい,6級,情報・伝達支援,点字・声の広報の発行,○,
身　体　障　がい　者　手　帳,視覚障がい,6級,情報・伝達支援,点字・声の市議会だよりの発行,○,
身　体　障　がい　者　手　帳,視覚障がい,6級,情報・伝達支援,点字・録音図書の製作と貸出,○,
身　体　障　がい　者　手　帳,視覚障がい,6級,情報・伝達支援,手話・要約筆記者の設置・派遣,,
身　体　障　がい　者　手　帳,視覚障がい,6級,情報・伝達支援,FAX119番,,
身　体　障　がい　者　手　帳,視覚障がい,6級,情報・伝達支援,Eメール119番通報システム,,
身　体　障　がい　者　手　帳,視覚障がい,6級,情報・伝達支援,Net119緊急通報システム,,
身　体　障　がい　者　手　帳,視覚障がい,6級,情報・伝達支援,県警FAX110番,,
身　体　障　がい　者　手　帳,視覚障がい,6級,情報・伝達支援,電話リレーサービス,,
身　体　障　がい　者　手　帳,視覚障がい,6級,情報・伝達支援,通常はがき（青い鳥はがき）の無償配布,,
身　体　障　がい　者　手　帳,視覚障がい,6級,情報・伝達支援,声の資源とごみの分け方・出し方（収集日程カレンダー含）の発行,〇,
身　体　障　がい　者　手　帳,視覚障がい,6級,社会参加支援,鉄道等運賃の割引,○,
身　体　障　がい　者　手　帳,視覚障がい,6級,社会参加支援,バス運賃の割引,○,
身　体　障　がい　者　手　帳,視覚障がい,6級,社会参加支援,国内航空運賃の割引,△,
身　体　障　がい　者　手　帳,視覚障がい,6級,社会参加支援,フェリー等運賃の割引,○,
身　体　障　がい　者　手　帳,視覚障がい,6級,社会参加支援,タクシー料金の割引,○,
身　体　障　がい　者　手　帳,視覚障がい,6級,社会参加支援,福祉タクシー利用助成,,
身　体　障　がい　者　手　帳,視覚障がい,6級,社会参加支援,有料道路通行料金の割引,△,
身　体　障　がい　者　手　帳,視覚障がい,6級,社会参加支援,公共自動車駐車場料金の減免(湘南台駅地下自動車駐車場),○,
身　体　障　がい　者　手　帳,視覚障がい,6級,社会参加支援,公共自動車駐車場料金の減免(奥田公園駐車場）,,
身　体　障　がい　者　手　帳,視覚障がい,6級,社会参加支援,市営有料自転車等駐車場利用料金の減免,○,
身　体　障　がい　者　手　帳,視覚障がい,6級,社会参加支援,駐車禁止除外指定,,
身　体　障　がい　者　手　帳,視覚障がい,6級,手当・年金等,障がい児福祉手当,,
身　体　障　がい　者　手　帳,視覚障がい,6級,手当・年金等,特別障がい者手当,,
身　体　障　がい　者　手　帳,視覚障がい,6級,手当・年金等,神奈川県在宅重度障がい者等手当,,
身　体　障　がい　者　手　帳,視覚障がい,6級,手当・年金等,藤沢市障がい者福祉手当,,
身　体　障　がい　者　手　帳,視覚障がい,6級,手当・年金等,藤沢市外国籍等障がい者福祉給付金,,
身　体　障　がい　者　手　帳,視覚障がい,6級,手当・年金等,藤沢市重度心身障がい者介護手当,,
身　体　障　がい　者　手　帳,視覚障がい,6級,手当・年金等,特別児童扶養手当,,
身　体　障　がい　者　手　帳,視覚障がい,6級,手当・年金等,児童扶養手当,,
身　体　障　がい　者　手　帳,視覚障がい,6級,手当・年金等,障がい厚生年金・障がい共済年金,,
身　体　障　がい　者　手　帳,視覚障がい,6級,手当・年金等,障がい基礎年金,,
身　体　障　がい　者　手　帳,視覚障がい,6級,手当・年金等,特別障がい給付金,,
身　体　障　がい　者　手　帳,視覚障がい,6級,手当・年金等,心身障がい者扶養共済制度,,
身　体　障　がい　者　手　帳,視覚障がい,6級,手当・年金等,生活保護の障がい者加算,,
身　体　障　がい　者　手　帳,視覚障がい,6級,公共料金の割引・税金の控除,下水道使用料の減額,,
身　体　障　がい　者　手　帳,視覚障がい,6級,公共料金の割引・税金の控除,水道料金の減額,,
身　体　障　がい　者　手　帳,視覚障がい,6級,公共料金の割引・税金の控除,NHK放送受信料の免除（全額）,△,
身　体　障　がい　者　手　帳,視覚障がい,6級,公共料金の割引・税金の控除,NHK放送受信料の免除（半額）,△,
身　体　障　がい　者　手　帳,視覚障がい,6級,公共料金の割引・税金の控除,NTT電話番号案内料の免除,○,
身　体　障　がい　者　手　帳,視覚障がい,6級,公共料金の割引・税金の控除,携帯電話基本使用料等の割引,○,
身　体　障　がい　者　手　帳,視覚障がい,6級,公共料金の割引・税金の控除,所得税、市・県民税、相続税の障がい者控除および市・県民税非課税基準,○,
身　体　障　がい　者　手　帳,視覚障がい,6級,税金の控除,贈与税の非課税,,
身　体　障　がい　者　手　帳,視覚障がい,6級,税金の控除,個人事業税の非課税・減免,,
身　体　障　がい　者　手　帳,視覚障がい,6級,税金の控除,預貯金の利子非課税制度,○,
身　体　障　がい　者　手　帳,視覚障がい,6級,税金の控除,自動車税種別割・自動車税（軽自動車税）環境性能割の減免,,
身　体　障　がい　者　手　帳,視覚障がい,6級,税金の控除,軽自動車税種別割の減免,,
身　体　障　がい　者　手　帳,視覚障がい,6級,就労・雇用,藤沢公共職業安定所（ハローワーク藤沢）,○,
身　体　障　がい　者　手　帳,視覚障がい,6級,就労・雇用,神奈川県障害者職業能力開発校,○,
身　体　障　がい　者　手　帳,視覚障がい,6級,スポーツ・文化・レクリエーション,福祉バス「ともしび号」の運行,○,
身　体　障　がい　者　手　帳,聴覚平衡機能障がい,2級,医療,精神障がい者入院医療援護金,,
身　体　障　がい　者　手　帳,聴覚平衡機能障がい,2級,医療,特定健康診査・がん検診等の一部負担金の免除,○,
身　体　障　がい　者　手　帳,聴覚平衡機能障がい,2級,補装具　他,補装具の購入・修理,△,
身　体　障　がい　者　手　帳,聴覚平衡機能障がい,2級,補装具　他,計画相談支援・障がい児相談支援,△,
身　体　障　がい　者　手　帳,聴覚平衡機能障がい,2級,補装具　他,介護給付費・訓練等給付費等の支給,○,
身　体　障　がい　者　手　帳,聴覚平衡機能障がい,2級,補装具　他,移動支援事業,,
身　体　障　がい　者　手　帳,聴覚平衡機能障がい,2級,補装具　他,重度身体障がい者訪問入浴サービス,,
身　体　障　がい　者　手　帳,聴覚平衡機能障がい,2級,補装具　他,日中一時支援事業,△,
身　体　障　がい　者　手　帳,聴覚平衡機能障がい,2級,補装具　他,日常生活用具の給付,△,
身　体　障　がい　者　手　帳,聴覚平衡機能障がい,2級,住宅,住宅設備改良費の助成①,,
身　体　障　がい　者　手　帳,聴覚平衡機能障がい,2級,住宅,住宅設備改良費の助成②,△,
身　体　障　がい　者　手　帳,聴覚平衡機能障がい,2級,住宅,市営住宅の入居優遇,○,
身　体　障　がい　者　手　帳,聴覚平衡機能障がい,2級,住宅,県営住宅の入居優遇,○,
身　体　障　がい　者　手　帳,聴覚平衡機能障がい,2級,住宅,身体障がい者世帯向県営住宅,○,
身　体　障　がい　者　手　帳,聴覚平衡機能障がい,2級,住宅,県営住宅家賃の減額,○,
身　体　障　がい　者　手　帳,聴覚平衡機能障がい,2級,情報・伝達支援,点字・声の広報の発行,,
身　体　障　がい　者　手　帳,聴覚平衡機能障がい,2級,情報・伝達支援,点字・声の市議会だよりの発行,,
身　体　障　がい　者　手　帳,聴覚平衡機能障がい,2級,情報・伝達支援,点字・録音図書の製作と貸出,,
身　体　障　がい　者　手　帳,聴覚平衡機能障がい,2級,情報・伝達支援,手話・要約筆記者の設置・派遣,○,
身　体　障　がい　者　手　帳,聴覚平衡機能障がい,2級,情報・伝達支援,FAX119番,○,
身　体　障　がい　者　手　帳,聴覚平衡機能障がい,2級,情報・伝達支援,Eメール119番通報システム,○,
身　体　障　がい　者　手　帳,聴覚平衡機能障がい,2級,情報・伝達支援,Net119緊急通報システム,○,
身　体　障　がい　者　手　帳,聴覚平衡機能障がい,2級,情報・伝達支援,県警FAX110番,○,
身　体　障　がい　者　手　帳,聴覚平衡機能障がい,2級,情報・伝達支援,電話リレーサービス,○,
身　体　障　がい　者　手　帳,聴覚平衡機能障がい,2級,情報・伝達支援,通常はがき（青い鳥はがき）の無償配布,○,
身　体　障　がい　者　手　帳,聴覚平衡機能障がい,2級,情報・伝達支援,声の資源とごみの分け方・出し方（収集日程カレンダー含）の発行,,
身　体　障　がい　者　手　帳,聴覚平衡機能障がい,2級,社会参加支援,鉄道等運賃の割引,○,
身　体　障　がい　者　手　帳,聴覚平衡機能障がい,2級,社会参加支援,バス運賃の割引,○,
身　体　障　がい　者　手　帳,聴覚平衡機能障がい,2級,社会参加支援,国内航空運賃の割引,△,
身　体　障　がい　者　手　帳,聴覚平衡機能障がい,2級,社会参加支援,フェリー等運賃の割引,○,
身　体　障　がい　者　手　帳,聴覚平衡機能障がい,2級,社会参加支援,タクシー料金の割引,○,
身　体　障　がい　者　手　帳,聴覚平衡機能障がい,2級,社会参加支援,福祉タクシー利用助成,△,
身　体　障　がい　者　手　帳,聴覚平衡機能障がい,2級,社会参加支援,有料道路通行料金の割引,○,
身　体　障　がい　者　手　帳,聴覚平衡機能障がい,2級,社会参加支援,公共自動車駐車場料金の減免(湘南台駅地下自動車駐車場),○,
身　体　障　がい　者　手　帳,聴覚平衡機能障がい,2級,社会参加支援,公共自動車駐車場料金の減免(奥田公園駐車場）,○,
身　体　障　がい　者　手　帳,聴覚平衡機能障がい,2級,社会参加支援,市営有料自転車等駐車場利用料金の減免,○,
身　体　障　がい　者　手　帳,聴覚平衡機能障がい,2級,社会参加支援,駐車禁止除外指定,○,
身　体　障　がい　者　手　帳,聴覚平衡機能障がい,2級,手当・年金等,障がい児福祉手当,△,
身　体　障　がい　者　手　帳,聴覚平衡機能障がい,2級,手当・年金等,特別障がい者手当,△,
身　体　障　がい　者　手　帳,聴覚平衡機能障がい,2級,手当・年金等,神奈川県在宅重度障がい者等手当,△,
身　体　障　がい　者　手　帳,聴覚平衡機能障がい,2級,手当・年金等,藤沢市障がい者福祉手当,△,
身　体　障　がい　者　手　帳,聴覚平衡機能障がい,2級,手当・年金等,藤沢市外国籍等障がい者福祉給付金,△,
身　体　障　がい　者　手　帳,聴覚平衡機能障がい,2級,手当・年金等,藤沢市重度心身障がい者介護手当,,
身　体　障　がい　者　手　帳,聴覚平衡機能障がい,2級,手当・年金等,特別児童扶養手当,△,
身　体　障　がい　者　手　帳,聴覚平衡機能障がい,2級,手当・年金等,児童扶養手当,△,
身　体　障　がい　者　手　帳,聴覚平衡機能障がい,2級,手当・年金等,障がい厚生年金・障がい共済年金,○,
身　体　障　がい　者　手　帳,聴覚平衡機能障がい,2級,手当・年金等,障がい基礎年金,○,
身　体　障　がい　者　手　帳,聴覚平衡機能障がい,2級,手当・年金等,特別障がい給付金,○,
身　体　障　がい　者　手　帳,聴覚平衡機能障がい,2級,手当・年金等,心身障がい者扶養共済制度,○,
身　体　障　がい　者　手　帳,聴覚平衡機能障がい,2級,手当・年金等,生活保護の障がい者加算,○,
身　体　障　がい　者　手　帳,聴覚平衡機能障がい,2級,公共料金の割引・税金の控除,下水道使用料の減額,○,
身　体　障　がい　者　手　帳,聴覚平衡機能障がい,2級,公共料金の割引・税金の控除,水道料金の減額,○,
身　体　障　がい　者　手　帳,聴覚平衡機能障がい,2級,公共料金の割引・税金の控除,NHK放送受信料の免除（全額）,△,
身　体　障　がい　者　手　帳,聴覚平衡機能障がい,2級,公共料金の割引・税金の控除,NHK放送受信料の免除（半額）,△,
身　体　障　がい　者　手　帳,聴覚平衡機能障がい,2級,公共料金の割引・税金の控除,NTT電話番号案内料の免除,○,
身　体　障　がい　者　手　帳,聴覚平衡機能障がい,2級,公共料金の割引・税金の控除,携帯電話基本使用料等の割引,○,
身　体　障　がい　者　手　帳,聴覚平衡機能障がい,2級,公共料金の割引・税金の控除,所得税、市・県民税、相続税の障がい者控除および市・県民税非課税基準,○,
身　体　障　がい　者　手　帳,聴覚平衡機能障がい,2級,税金の控除,贈与税の非課税,○,
身　体　障　がい　者　手　帳,聴覚平衡機能障がい,2級,税金の控除,個人事業税の非課税・減免,○,
身　体　障　がい　者　手　帳,聴覚平衡機能障がい,2級,税金の控除,預貯金の利子非課税制度,○,
身　体　障　がい　者　手　帳,聴覚平衡機能障がい,2級,税金の控除,自動車税種別割・自動車税（軽自動車税）環境性能割の減免,○,
身　体　障　がい　者　手　帳,聴覚平衡機能障がい,2級,税金の控除,軽自動車税種別割の減免,○,
身　体　障　がい　者　手　帳,聴覚平衡機能障がい,2級,就労・雇用,藤沢公共職業安定所（ハローワーク藤沢）,○,
身　体　障　がい　者　手　帳,聴覚平衡機能障がい,2級,就労・雇用,神奈川県障害者職業能力開発校,○,
身　体　障　がい　者　手　帳,聴覚平衡機能障がい,2級,スポーツ・文化・レクリエーション,福祉バス「ともしび号」の運行,○,
身　体　障　がい　者　手　帳,聴覚平衡機能障がい,3級,医療,精神障がい者入院医療援護金,,
身　体　障　がい　者　手　帳,聴覚平衡機能障がい,3級,医療,特定健康診査・がん検診等の一部負担金の免除,○,
身　体　障　がい　者　手　帳,聴覚平衡機能障がい,3級,補装具　他,補装具の購入・修理,△,
身　体　障　がい　者　手　帳,聴覚平衡機能障がい,3級,補装具　他,計画相談支援・障がい児相談支援,△,
身　体　障　がい　者　手　帳,聴覚平衡機能障がい,3級,補装具　他,介護給付費・訓練等給付費等の支給,○,
身　体　障　がい　者　手　帳,聴覚平衡機能障がい,3級,補装具　他,移動支援事業,,
身　体　障　がい　者　手　帳,聴覚平衡機能障がい,3級,補装具　他,重度身体障がい者訪問入浴サービス,,
身　体　障　がい　者　手　帳,聴覚平衡機能障がい,3級,補装具　他,日中一時支援事業,,
身　体　障　がい　者　手　帳,聴覚平衡機能障がい,3級,補装具　他,日常生活用具の給付,△,
身　体　障　がい　者　手　帳,聴覚平衡機能障がい,3級,住宅,住宅設備改良費の助成①,,
身　体　障　がい　者　手　帳,聴覚平衡機能障がい,3級,住宅,住宅設備改良費の助成②,△,
身　体　障　がい　者　手　帳,聴覚平衡機能障がい,3級,住宅,市営住宅の入居優遇,○,
身　体　障　がい　者　手　帳,聴覚平衡機能障がい,3級,住宅,県営住宅の入居優遇,○,
身　体　障　がい　者　手　帳,聴覚平衡機能障がい,3級,住宅,身体障がい者世帯向県営住宅,○,
身　体　障　がい　者　手　帳,聴覚平衡機能障がい,3級,住宅,県営住宅家賃の減額,○,
身　体　障　がい　者　手　帳,聴覚平衡機能障がい,3級,情報・伝達支援,点字・声の広報の発行,,
身　体　障　がい　者　手　帳,聴覚平衡機能障がい,3級,情報・伝達支援,点字・声の市議会だよりの発行,,
身　体　障　がい　者　手　帳,聴覚平衡機能障がい,3級,情報・伝達支援,点字・録音図書の製作と貸出,,
身　体　障　がい　者　手　帳,聴覚平衡機能障がい,3級,情報・伝達支援,手話・要約筆記者の設置・派遣,○,
身　体　障　がい　者　手　帳,聴覚平衡機能障がい,3級,情報・伝達支援,FAX119番,○,
身　体　障　がい　者　手　帳,聴覚平衡機能障がい,3級,情報・伝達支援,Eメール119番通報システム,○,
身　体　障　がい　者　手　帳,聴覚平衡機能障がい,3級,情報・伝達支援,Net119緊急通報システム,○,
身　体　障　がい　者　手　帳,聴覚平衡機能障がい,3級,情報・伝達支援,県警FAX110番,○,
身　体　障　がい　者　手　帳,聴覚平衡機能障がい,3級,情報・伝達支援,電話リレーサービス,○,
身　体　障　がい　者　手　帳,聴覚平衡機能障がい,3級,情報・伝達支援,通常はがき（青い鳥はがき）の無償配布,,
身　体　障　がい　者　手　帳,聴覚平衡機能障がい,3級,情報・伝達支援,声の資源とごみの分け方・出し方（収集日程カレンダー含）の発行,,
身　体　障　がい　者　手　帳,聴覚平衡機能障がい,3級,社会参加支援,鉄道等運賃の割引,○,
身　体　障　がい　者　手　帳,聴覚平衡機能障がい,3級,社会参加支援,バス運賃の割引,○,
身　体　障　がい　者　手　帳,聴覚平衡機能障がい,3級,社会参加支援,国内航空運賃の割引,△,
身　体　障　がい　者　手　帳,聴覚平衡機能障がい,3級,社会参加支援,フェリー等運賃の割引,○,
身　体　障　がい　者　手　帳,聴覚平衡機能障がい,3級,社会参加支援,タクシー料金の割引,○,
身　体　障　がい　者　手　帳,聴覚平衡機能障がい,3級,社会参加支援,福祉タクシー利用助成,△,
身　体　障　がい　者　手　帳,聴覚平衡機能障がい,3級,社会参加支援,有料道路通行料金の割引,△,
身　体　障　がい　者　手　帳,聴覚平衡機能障がい,3級,社会参加支援,公共自動車駐車場料金の減免(湘南台駅地下自動車駐車場),○,
身　体　障　がい　者　手　帳,聴覚平衡機能障がい,3級,社会参加支援,公共自動車駐車場料金の減免(奥田公園駐車場）,○,
身　体　障　がい　者　手　帳,聴覚平衡機能障がい,3級,社会参加支援,市営有料自転車等駐車場利用料金の減免,○,
身　体　障　がい　者　手　帳,聴覚平衡機能障がい,3級,社会参加支援,駐車禁止除外指定,○,
身　体　障　がい　者　手　帳,聴覚平衡機能障がい,3級,手当・年金等,障がい児福祉手当,,
身　体　障　がい　者　手　帳,聴覚平衡機能障がい,3級,手当・年金等,特別障がい者手当,,
身　体　障　がい　者　手　帳,聴覚平衡機能障がい,3級,手当・年金等,神奈川県在宅重度障がい者等手当,△,
身　体　障　がい　者　手　帳,聴覚平衡機能障がい,3級,手当・年金等,藤沢市障がい者福祉手当,△,
身　体　障　がい　者　手　帳,聴覚平衡機能障がい,3級,手当・年金等,藤沢市外国籍等障がい者福祉給付金,△,
身　体　障　がい　者　手　帳,聴覚平衡機能障がい,3級,手当・年金等,藤沢市重度心身障がい者介護手当,,
身　体　障　がい　者　手　帳,聴覚平衡機能障がい,3級,手当・年金等,特別児童扶養手当,△,
身　体　障　がい　者　手　帳,聴覚平衡機能障がい,3級,手当・年金等,児童扶養手当,,
身　体　障　がい　者　手　帳,聴覚平衡機能障がい,3級,手当・年金等,障がい厚生年金・障がい共済年金,○,
身　体　障　がい　者　手　帳,聴覚平衡機能障がい,3級,手当・年金等,障がい基礎年金,○,
身　体　障　がい　者　手　帳,聴覚平衡機能障がい,3級,手当・年金等,特別障がい給付金,○,
身　体　障　がい　者　手　帳,聴覚平衡機能障がい,3級,手当・年金等,心身障がい者扶養共済制度,○,
身　体　障　がい　者　手　帳,聴覚平衡機能障がい,3級,手当・年金等,生活保護の障がい者加算,○,
身　体　障　がい　者　手　帳,聴覚平衡機能障がい,3級,公共料金の割引・税金の控除,下水道使用料の減額,○,
身　体　障　がい　者　手　帳,聴覚平衡機能障がい,3級,公共料金の割引・税金の控除,水道料金の減額,△,
身　体　障　がい　者　手　帳,聴覚平衡機能障がい,3級,公共料金の割引・税金の控除,NHK放送受信料の免除（全額）,△,
身　体　障　がい　者　手　帳,聴覚平衡機能障がい,3級,公共料金の割引・税金の控除,NHK放送受信料の免除（半額）,△,
身　体　障　がい　者　手　帳,聴覚平衡機能障がい,3級,公共料金の割引・税金の控除,NTT電話番号案内料の免除,○,
身　体　障　がい　者　手　帳,聴覚平衡機能障がい,3級,公共料金の割引・税金の控除,携帯電話基本使用料等の割引,○,
身　体　障　がい　者　手　帳,聴覚平衡機能障がい,3級,公共料金の割引・税金の控除,所得税、市・県民税、相続税の障がい者控除および市・県民税非課税基準,○,
身　体　障　がい　者　手　帳,聴覚平衡機能障がい,3級,税金の控除,贈与税の非課税,,
身　体　障　がい　者　手　帳,聴覚平衡機能障がい,3級,税金の控除,個人事業税の非課税・減免,○,
身　体　障　がい　者　手　帳,聴覚平衡機能障がい,3級,税金の控除,預貯金の利子非課税制度,○,
身　体　障　がい　者　手　帳,聴覚平衡機能障がい,3級,税金の控除,自動車税種別割・自動車税（軽自動車税）環境性能割の減免,○,
身　体　障　がい　者　手　帳,聴覚平衡機能障がい,3級,税金の控除,軽自動車税種別割の減免,○,
身　体　障　がい　者　手　帳,聴覚平衡機能障がい,3級,就労・雇用,藤沢公共職業安定所（ハローワーク藤沢）,○,
身　体　障　がい　者　手　帳,聴覚平衡機能障がい,3級,就労・雇用,神奈川県障害者職業能力開発校,○,
身　体　障　がい　者　手　帳,聴覚平衡機能障がい,3級,スポーツ・文化・レクリエーション,福祉バス「ともしび号」の運行,○,
身　体　障　がい　者　手　帳,聴覚平衡機能障がい,4級,医療,精神障がい者入院医療援護金,,
身　体　障　がい　者　手　帳,聴覚平衡機能障がい,4級,医療,特定健康診査・がん検診等の一部負担金の免除,,
身　体　障　がい　者　手　帳,聴覚平衡機能障がい,4級,補装具　他,補装具の購入・修理,△,
身　体　障　がい　者　手　帳,聴覚平衡機能障がい,4級,補装具　他,計画相談支援・障がい児相談支援,△,
身　体　障　がい　者　手　帳,聴覚平衡機能障がい,4級,補装具　他,介護給付費・訓練等給付費等の支給,○,
身　体　障　がい　者　手　帳,聴覚平衡機能障がい,4級,補装具　他,移動支援事業,,
身　体　障　がい　者　手　帳,聴覚平衡機能障がい,4級,補装具　他,重度身体障がい者訪問入浴サービス,,
身　体　障　がい　者　手　帳,聴覚平衡機能障がい,4級,補装具　他,日中一時支援事業,,
身　体　障　がい　者　手　帳,聴覚平衡機能障がい,4級,補装具　他,日常生活用具の給付,△,
身　体　障　がい　者　手　帳,聴覚平衡機能障がい,4級,住宅,住宅設備改良費の助成①,,
身　体　障　がい　者　手　帳,聴覚平衡機能障がい,4級,住宅,住宅設備改良費の助成②,,
身　体　障　がい　者　手　帳,聴覚平衡機能障がい,4級,住宅,市営住宅の入居優遇,○,
身　体　障　がい　者　手　帳,聴覚平衡機能障がい,4級,住宅,県営住宅の入居優遇,○,
身　体　障　がい　者　手　帳,聴覚平衡機能障がい,4級,住宅,身体障がい者世帯向県営住宅,○,
身　体　障　がい　者　手　帳,聴覚平衡機能障がい,4級,住宅,県営住宅家賃の減額,○,
身　体　障　がい　者　手　帳,聴覚平衡機能障がい,4級,情報・伝達支援,点字・声の広報の発行,,
身　体　障　がい　者　手　帳,聴覚平衡機能障がい,4級,情報・伝達支援,点字・声の市議会だよりの発行,,
身　体　障　がい　者　手　帳,聴覚平衡機能障がい,4級,情報・伝達支援,点字・録音図書の製作と貸出,,
身　体　障　がい　者　手　帳,聴覚平衡機能障がい,4級,情報・伝達支援,手話・要約筆記者の設置・派遣,○,
身　体　障　がい　者　手　帳,聴覚平衡機能障がい,4級,情報・伝達支援,FAX119番,○,
身　体　障　がい　者　手　帳,聴覚平衡機能障がい,4級,情報・伝達支援,Eメール119番通報システム,○,
身　体　障　がい　者　手　帳,聴覚平衡機能障がい,4級,情報・伝達支援,Net119緊急通報システム,○,
身　体　障　がい　者　手　帳,聴覚平衡機能障がい,4級,情報・伝達支援,県警FAX110番,○,
身　体　障　がい　者　手　帳,聴覚平衡機能障がい,4級,情報・伝達支援,電話リレーサービス,○,
身　体　障　がい　者　手　帳,聴覚平衡機能障がい,4級,情報・伝達支援,通常はがき（青い鳥はがき）の無償配布,,
身　体　障　がい　者　手　帳,聴覚平衡機能障がい,4級,情報・伝達支援,声の資源とごみの分け方・出し方（収集日程カレンダー含）の発行,,
身　体　障　がい　者　手　帳,聴覚平衡機能障がい,4級,社会参加支援,鉄道等運賃の割引,○,
身　体　障　がい　者　手　帳,聴覚平衡機能障がい,4級,社会参加支援,バス運賃の割引,○,
身　体　障　がい　者　手　帳,聴覚平衡機能障がい,4級,社会参加支援,国内航空運賃の割引,△,
身　体　障　がい　者　手　帳,聴覚平衡機能障がい,4級,社会参加支援,フェリー等運賃の割引,○,
身　体　障　がい　者　手　帳,聴覚平衡機能障がい,4級,社会参加支援,タクシー料金の割引,○,
身　体　障　がい　者　手　帳,聴覚平衡機能障がい,4級,社会参加支援,福祉タクシー利用助成,,
身　体　障　がい　者　手　帳,聴覚平衡機能障がい,4級,社会参加支援,有料道路通行料金の割引,△,
身　体　障　がい　者　手　帳,聴覚平衡機能障がい,4級,社会参加支援,公共自動車駐車場料金の減免(湘南台駅地下自動車駐車場),○,
身　体　障　がい　者　手　帳,聴覚平衡機能障がい,4級,社会参加支援,公共自動車駐車場料金の減免(奥田公園駐車場）,,
身　体　障　がい　者　手　帳,聴覚平衡機能障がい,4級,社会参加支援,市営有料自転車等駐車場利用料金の減免,○,
身　体　障　がい　者　手　帳,聴覚平衡機能障がい,4級,社会参加支援,駐車禁止除外指定,,
身　体　障　がい　者　手　帳,聴覚平衡機能障がい,4級,手当・年金等,障がい児福祉手当,,
身　体　障　がい　者　手　帳,聴覚平衡機能障がい,4級,手当・年金等,特別障がい者手当,,
身　体　障　がい　者　手　帳,聴覚平衡機能障がい,4級,手当・年金等,神奈川県在宅重度障がい者等手当,,
身　体　障　がい　者　手　帳,聴覚平衡機能障がい,4級,手当・年金等,藤沢市障がい者福祉手当,,
身　体　障　がい　者　手　帳,聴覚平衡機能障がい,4級,手当・年金等,藤沢市外国籍等障がい者福祉給付金,,
身　体　障　がい　者　手　帳,聴覚平衡機能障がい,4級,手当・年金等,藤沢市重度心身障がい者介護手当,,
身　体　障　がい　者　手　帳,聴覚平衡機能障がい,4級,手当・年金等,特別児童扶養手当,,
身　体　障　がい　者　手　帳,聴覚平衡機能障がい,4級,手当・年金等,児童扶養手当,,
身　体　障　がい　者　手　帳,聴覚平衡機能障がい,4級,手当・年金等,障がい厚生年金・障がい共済年金,△,
身　体　障　がい　者　手　帳,聴覚平衡機能障がい,4級,手当・年金等,障がい基礎年金,,
身　体　障　がい　者　手　帳,聴覚平衡機能障がい,4級,手当・年金等,特別障がい給付金,,
身　体　障　がい　者　手　帳,聴覚平衡機能障がい,4級,手当・年金等,心身障がい者扶養共済制度,,
身　体　障　がい　者　手　帳,聴覚平衡機能障がい,4級,手当・年金等,生活保護の障がい者加算,,
身　体　障　がい　者　手　帳,聴覚平衡機能障がい,4級,公共料金の割引・税金の控除,下水道使用料の減額,,
身　体　障　がい　者　手　帳,聴覚平衡機能障がい,4級,公共料金の割引・税金の控除,水道料金の減額,,
身　体　障　がい　者　手　帳,聴覚平衡機能障がい,4級,公共料金の割引・税金の控除,NHK放送受信料の免除（全額）,△,
身　体　障　がい　者　手　帳,聴覚平衡機能障がい,4級,公共料金の割引・税金の控除,NHK放送受信料の免除（半額）,△,
身　体　障　がい　者　手　帳,聴覚平衡機能障がい,4級,公共料金の割引・税金の控除,NTT電話番号案内料の免除,○,
身　体　障　がい　者　手　帳,聴覚平衡機能障がい,4級,公共料金の割引・税金の控除,携帯電話基本使用料等の割引,○,
身　体　障　がい　者　手　帳,聴覚平衡機能障がい,4級,公共料金の割引・税金の控除,所得税、市・県民税、相続税の障がい者控除および市・県民税非課税基準,○,
身　体　障　がい　者　手　帳,聴覚平衡機能障がい,4級,税金の控除,贈与税の非課税,,
身　体　障　がい　者　手　帳,聴覚平衡機能障がい,4級,税金の控除,個人事業税の非課税・減免,○,
身　体　障　がい　者　手　帳,聴覚平衡機能障がい,4級,税金の控除,預貯金の利子非課税制度,○,
身　体　障　がい　者　手　帳,聴覚平衡機能障がい,4級,税金の控除,自動車税種別割・自動車税（軽自動車税）環境性能割の減免,,
身　体　障　がい　者　手　帳,聴覚平衡機能障がい,4級,税金の控除,軽自動車税種別割の減免,,
身　体　障　がい　者　手　帳,聴覚平衡機能障がい,4級,就労・雇用,藤沢公共職業安定所（ハローワーク藤沢）,○,
身　体　障　がい　者　手　帳,聴覚平衡機能障がい,4級,就労・雇用,神奈川県障害者職業能力開発校,○,
身　体　障　がい　者　手　帳,聴覚平衡機能障がい,4級,スポーツ・文化・レクリエーション,福祉バス「ともしび号」の運行,○,
身　体　障　がい　者　手　帳,聴覚平衡機能障がい,5級,医療,精神障がい者入院医療援護金,,
身　体　障　がい　者　手　帳,聴覚平衡機能障がい,5級,医療,特定健康診査・がん検診等の一部負担金の免除,,
身　体　障　がい　者　手　帳,聴覚平衡機能障がい,5級,補装具　他,補装具の購入・修理,△,
身　体　障　がい　者　手　帳,聴覚平衡機能障がい,5級,補装具　他,計画相談支援・障がい児相談支援,△,
身　体　障　がい　者　手　帳,聴覚平衡機能障がい,5級,補装具　他,介護給付費・訓練等給付費等の支給,○,
身　体　障　がい　者　手　帳,聴覚平衡機能障がい,5級,補装具　他,移動支援事業,,
身　体　障　がい　者　手　帳,聴覚平衡機能障がい,5級,補装具　他,重度身体障がい者訪問入浴サービス,,
身　体　障　がい　者　手　帳,聴覚平衡機能障がい,5級,補装具　他,日中一時支援事業,,
身　体　障　がい　者　手　帳,聴覚平衡機能障がい,5級,補装具　他,日常生活用具の給付,△,
身　体　障　がい　者　手　帳,聴覚平衡機能障がい,5級,住宅,住宅設備改良費の助成①,,
身　体　障　がい　者　手　帳,聴覚平衡機能障がい,5級,住宅,住宅設備改良費の助成②,,
身　体　障　がい　者　手　帳,聴覚平衡機能障がい,5級,住宅,市営住宅の入居優遇,,
身　体　障　がい　者　手　帳,聴覚平衡機能障がい,5級,住宅,県営住宅の入居優遇,,
身　体　障　がい　者　手　帳,聴覚平衡機能障がい,5級,住宅,身体障がい者世帯向県営住宅,,
身　体　障　がい　者　手　帳,聴覚平衡機能障がい,5級,住宅,県営住宅家賃の減額,,
身　体　障　がい　者　手　帳,聴覚平衡機能障がい,5級,情報・伝達支援,点字・声の広報の発行,,
身　体　障　がい　者　手　帳,聴覚平衡機能障がい,5級,情報・伝達支援,点字・声の市議会だよりの発行,,
身　体　障　がい　者　手　帳,聴覚平衡機能障がい,5級,情報・伝達支援,点字・録音図書の製作と貸出,,
身　体　障　がい　者　手　帳,聴覚平衡機能障がい,5級,情報・伝達支援,手話・要約筆記者の設置・派遣,○,
身　体　障　がい　者　手　帳,聴覚平衡機能障がい,5級,情報・伝達支援,FAX119番,○,
身　体　障　がい　者　手　帳,聴覚平衡機能障がい,5級,情報・伝達支援,Eメール119番通報システム,○,
身　体　障　がい　者　手　帳,聴覚平衡機能障がい,5級,情報・伝達支援,Net119緊急通報システム,○,
身　体　障　がい　者　手　帳,聴覚平衡機能障がい,5級,情報・伝達支援,県警FAX110番,○,
身　体　障　がい　者　手　帳,聴覚平衡機能障がい,5級,情報・伝達支援,電話リレーサービス,○,
身　体　障　がい　者　手　帳,聴覚平衡機能障がい,5級,情報・伝達支援,通常はがき（青い鳥はがき）の無償配布,,
身　体　障　がい　者　手　帳,聴覚平衡機能障がい,5級,情報・伝達支援,声の資源とごみの分け方・出し方（収集日程カレンダー含）の発行,,
身　体　障　がい　者　手　帳,聴覚平衡機能障がい,5級,社会参加支援,鉄道等運賃の割引,○,
身　体　障　がい　者　手　帳,聴覚平衡機能障がい,5級,社会参加支援,バス運賃の割引,○,
身　体　障　がい　者　手　帳,聴覚平衡機能障がい,5級,社会参加支援,国内航空運賃の割引,△,
身　体　障　がい　者　手　帳,聴覚平衡機能障がい,5級,社会参加支援,フェリー等運賃の割引,○,
身　体　障　がい　者　手　帳,聴覚平衡機能障がい,5級,社会参加支援,タクシー料金の割引,○,
身　体　障　がい　者　手　帳,聴覚平衡機能障がい,5級,社会参加支援,福祉タクシー利用助成,,
身　体　障　がい　者　手　帳,聴覚平衡機能障がい,5級,社会参加支援,有料道路通行料金の割引,△,
身　体　障　がい　者　手　帳,聴覚平衡機能障がい,5級,社会参加支援,公共自動車駐車場料金の減免(湘南台駅地下自動車駐車場),○,
身　体　障　がい　者　手　帳,聴覚平衡機能障がい,5級,社会参加支援,公共自動車駐車場料金の減免(奥田公園駐車場）,,
身　体　障　がい　者　手　帳,聴覚平衡機能障がい,5級,社会参加支援,市営有料自転車等駐車場利用料金の減免,○,
身　体　障　がい　者　手　帳,聴覚平衡機能障がい,5級,社会参加支援,駐車禁止除外指定,,
身　体　障　がい　者　手　帳,聴覚平衡機能障がい,5級,手当・年金等,障がい児福祉手当,,
身　体　障　がい　者　手　帳,聴覚平衡機能障がい,5級,手当・年金等,特別障がい者手当,,
身　体　障　がい　者　手　帳,聴覚平衡機能障がい,5級,手当・年金等,神奈川県在宅重度障がい者等手当,,
身　体　障　がい　者　手　帳,聴覚平衡機能障がい,5級,手当・年金等,藤沢市障がい者福祉手当,,
身　体　障　がい　者　手　帳,聴覚平衡機能障がい,5級,手当・年金等,藤沢市外国籍等障がい者福祉給付金,,
身　体　障　がい　者　手　帳,聴覚平衡機能障がい,5級,手当・年金等,藤沢市重度心身障がい者介護手当,,
身　体　障　がい　者　手　帳,聴覚平衡機能障がい,5級,手当・年金等,特別児童扶養手当,,
身　体　障　がい　者　手　帳,聴覚平衡機能障がい,5級,手当・年金等,児童扶養手当,,
身　体　障　がい　者　手　帳,聴覚平衡機能障がい,5級,手当・年金等,障がい厚生年金・障がい共済年金,,
身　体　障　がい　者　手　帳,聴覚平衡機能障がい,5級,手当・年金等,障がい基礎年金,△,
身　体　障　がい　者　手　帳,聴覚平衡機能障がい,5級,手当・年金等,特別障がい給付金,△,
身　体　障　がい　者　手　帳,聴覚平衡機能障がい,5級,手当・年金等,心身障がい者扶養共済制度,,
身　体　障　がい　者　手　帳,聴覚平衡機能障がい,5級,手当・年金等,生活保護の障がい者加算,,
身　体　障　がい　者　手　帳,聴覚平衡機能障がい,5級,公共料金の割引・税金の控除,下水道使用料の減額,,
身　体　障　がい　者　手　帳,聴覚平衡機能障がい,5級,公共料金の割引・税金の控除,水道料金の減額,,
身　体　障　がい　者　手　帳,聴覚平衡機能障がい,5級,公共料金の割引・税金の控除,NHK放送受信料の免除（全額）,△,
身　体　障　がい　者　手　帳,聴覚平衡機能障がい,5級,公共料金の割引・税金の控除,NHK放送受信料の免除（半額）,△,
身　体　障　がい　者　手　帳,聴覚平衡機能障がい,5級,公共料金の割引・税金の控除,NTT電話番号案内料の免除,,
身　体　障　がい　者　手　帳,聴覚平衡機能障がい,5級,公共料金の割引・税金の控除,携帯電話基本使用料等の割引,○,
身　体　障　がい　者　手　帳,聴覚平衡機能障がい,5級,公共料金の割引・税金の控除,所得税、市・県民税、相続税の障がい者控除および市・県民税非課税基準,○,
身　体　障　がい　者　手　帳,聴覚平衡機能障がい,5級,税金の控除,贈与税の非課税,,
身　体　障　がい　者　手　帳,聴覚平衡機能障がい,5級,税金の控除,個人事業税の非課税・減免,,
身　体　障　がい　者　手　帳,聴覚平衡機能障がい,5級,税金の控除,預貯金の利子非課税制度,○,
身　体　障　がい　者　手　帳,聴覚平衡機能障がい,5級,税金の控除,自動車税種別割・自動車税（軽自動車税）環境性能割の減免,△,
身　体　障　がい　者　手　帳,聴覚平衡機能障がい,5級,税金の控除,軽自動車税種別割の減免,△,
身　体　障　がい　者　手　帳,聴覚平衡機能障がい,5級,就労・雇用,藤沢公共職業安定所（ハローワーク藤沢）,○,
身　体　障　がい　者　手　帳,聴覚平衡機能障がい,5級,就労・雇用,神奈川県障害者職業能力開発校,○,
身　体　障　がい　者　手　帳,聴覚平衡機能障がい,5級,スポーツ・文化・レクリエーション,福祉バス「ともしび号」の運行,○,
身　体　障　がい　者　手　帳,聴覚平衡機能障がい,6級,医療,精神障がい者入院医療援護金,,
身　体　障　がい　者　手　帳,聴覚平衡機能障がい,6級,医療,特定健康診査・がん検診等の一部負担金の免除,,
身　体　障　がい　者　手　帳,聴覚平衡機能障がい,6級,補装具　他,補装具の購入・修理,△,
身　体　障　がい　者　手　帳,聴覚平衡機能障がい,6級,補装具　他,計画相談支援・障がい児相談支援,△,
身　体　障　がい　者　手　帳,聴覚平衡機能障がい,6級,補装具　他,介護給付費・訓練等給付費等の支給,○,
身　体　障　がい　者　手　帳,聴覚平衡機能障がい,6級,補装具　他,移動支援事業,,
身　体　障　がい　者　手　帳,聴覚平衡機能障がい,6級,補装具　他,重度身体障がい者訪問入浴サービス,,
身　体　障　がい　者　手　帳,聴覚平衡機能障がい,6級,補装具　他,日中一時支援事業,,
身　体　障　がい　者　手　帳,聴覚平衡機能障がい,6級,補装具　他,日常生活用具の給付,△,
身　体　障　がい　者　手　帳,聴覚平衡機能障がい,6級,住宅,住宅設備改良費の助成①,,
身　体　障　がい　者　手　帳,聴覚平衡機能障がい,6級,住宅,住宅設備改良費の助成②,,
身　体　障　がい　者　手　帳,聴覚平衡機能障がい,6級,住宅,市営住宅の入居優遇,,
身　体　障　がい　者　手　帳,聴覚平衡機能障がい,6級,住宅,県営住宅の入居優遇,,
身　体　障　がい　者　手　帳,聴覚平衡機能障がい,6級,住宅,身体障がい者世帯向県営住宅,,
身　体　障　がい　者　手　帳,聴覚平衡機能障がい,6級,住宅,県営住宅家賃の減額,,
身　体　障　がい　者　手　帳,聴覚平衡機能障がい,6級,情報・伝達支援,点字・声の広報の発行,,
身　体　障　がい　者　手　帳,聴覚平衡機能障がい,6級,情報・伝達支援,点字・声の市議会だよりの発行,,
身　体　障　がい　者　手　帳,聴覚平衡機能障がい,6級,情報・伝達支援,点字・録音図書の製作と貸出,,
身　体　障　がい　者　手　帳,聴覚平衡機能障がい,6級,情報・伝達支援,手話・要約筆記者の設置・派遣,○,
身　体　障　がい　者　手　帳,聴覚平衡機能障がい,6級,情報・伝達支援,FAX119番,○,
身　体　障　がい　者　手　帳,聴覚平衡機能障がい,6級,情報・伝達支援,Eメール119番通報システム,○,
身　体　障　がい　者　手　帳,聴覚平衡機能障がい,6級,情報・伝達支援,Net119緊急通報システム,○,
身　体　障　がい　者　手　帳,聴覚平衡機能障がい,6級,情報・伝達支援,県警FAX110番,○,
身　体　障　がい　者　手　帳,聴覚平衡機能障がい,6級,情報・伝達支援,電話リレーサービス,○,
身　体　障　がい　者　手　帳,聴覚平衡機能障がい,6級,情報・伝達支援,通常はがき（青い鳥はがき）の無償配布,,
身　体　障　がい　者　手　帳,聴覚平衡機能障がい,6級,情報・伝達支援,声の資源とごみの分け方・出し方（収集日程カレンダー含）の発行,,
身　体　障　がい　者　手　帳,聴覚平衡機能障がい,6級,社会参加支援,鉄道等運賃の割引,○,
身　体　障　がい　者　手　帳,聴覚平衡機能障がい,6級,社会参加支援,バス運賃の割引,○,
身　体　障　がい　者　手　帳,聴覚平衡機能障がい,6級,社会参加支援,国内航空運賃の割引,△,
身　体　障　がい　者　手　帳,聴覚平衡機能障がい,6級,社会参加支援,フェリー等運賃の割引,○,
身　体　障　がい　者　手　帳,聴覚平衡機能障がい,6級,社会参加支援,タクシー料金の割引,○,
身　体　障　がい　者　手　帳,聴覚平衡機能障がい,6級,社会参加支援,福祉タクシー利用助成,,
身　体　障　がい　者　手　帳,聴覚平衡機能障がい,6級,社会参加支援,有料道路通行料金の割引,△,
身　体　障　がい　者　手　帳,聴覚平衡機能障がい,6級,社会参加支援,公共自動車駐車場料金の減免(湘南台駅地下自動車駐車場),○,
身　体　障　がい　者　手　帳,聴覚平衡機能障がい,6級,社会参加支援,公共自動車駐車場料金の減免(奥田公園駐車場）,,
身　体　障　がい　者　手　帳,聴覚平衡機能障がい,6級,社会参加支援,市営有料自転車等駐車場利用料金の減免,○,
身　体　障　がい　者　手　帳,聴覚平衡機能障がい,6級,社会参加支援,駐車禁止除外指定,,
身　体　障　がい　者　手　帳,聴覚平衡機能障がい,6級,手当・年金等,障がい児福祉手当,,
身　体　障　がい　者　手　帳,聴覚平衡機能障がい,6級,手当・年金等,特別障がい者手当,,
身　体　障　がい　者　手　帳,聴覚平衡機能障がい,6級,手当・年金等,神奈川県在宅重度障がい者等手当,,
身　体　障　がい　者　手　帳,聴覚平衡機能障がい,6級,手当・年金等,藤沢市障がい者福祉手当,,
身　体　障　がい　者　手　帳,聴覚平衡機能障がい,6級,手当・年金等,藤沢市外国籍等障がい者福祉給付金,,
身　体　障　がい　者　手　帳,聴覚平衡機能障がい,6級,手当・年金等,藤沢市重度心身障がい者介護手当,,
身　体　障　がい　者　手　帳,聴覚平衡機能障がい,6級,手当・年金等,特別児童扶養手当,,
身　体　障　がい　者　手　帳,聴覚平衡機能障がい,6級,手当・年金等,児童扶養手当,,
身　体　障　がい　者　手　帳,聴覚平衡機能障がい,6級,手当・年金等,障がい厚生年金・障がい共済年金,△,
身　体　障　がい　者　手　帳,聴覚平衡機能障がい,6級,手当・年金等,障がい基礎年金,,
身　体　障　がい　者　手　帳,聴覚平衡機能障がい,6級,手当・年金等,特別障がい給付金,,
身　体　障　がい　者　手　帳,聴覚平衡機能障がい,6級,手当・年金等,心身障がい者扶養共済制度,,
身　体　障　がい　者　手　帳,聴覚平衡機能障がい,6級,手当・年金等,生活保護の障がい者加算,,
身　体　障　がい　者　手　帳,聴覚平衡機能障がい,6級,公共料金の割引・税金の控除,下水道使用料の減額,,
身　体　障　がい　者　手　帳,聴覚平衡機能障がい,6級,公共料金の割引・税金の控除,水道料金の減額,,
身　体　障　がい　者　手　帳,聴覚平衡機能障がい,6級,公共料金の割引・税金の控除,NHK放送受信料の免除（全額）,△,
身　体　障　がい　者　手　帳,聴覚平衡機能障がい,6級,公共料金の割引・税金の控除,NHK放送受信料の免除（半額）,△,
身　体　障　がい　者　手　帳,聴覚平衡機能障がい,6級,公共料金の割引・税金の控除,NTT電話番号案内料の免除,○,
身　体　障　がい　者　手　帳,聴覚平衡機能障がい,6級,公共料金の割引・税金の控除,携帯電話基本使用料等の割引,○,
身　体　障　がい　者　手　帳,聴覚平衡機能障がい,6級,公共料金の割引・税金の控除,所得税、市・県民税、相続税の障がい者控除および市・県民税非課税基準,○,
身　体　障　がい　者　手　帳,聴覚平衡機能障がい,6級,税金の控除,贈与税の非課税,,
身　体　障　がい　者　手　帳,聴覚平衡機能障がい,6級,税金の控除,個人事業税の非課税・減免,,
身　体　障　がい　者　手　帳,聴覚平衡機能障がい,6級,税金の控除,預貯金の利子非課税制度,○,
身　体　障　がい　者　手　帳,聴覚平衡機能障がい,6級,税金の控除,自動車税種別割・自動車税（軽自動車税）環境性能割の減免,,
身　体　障　がい　者　手　帳,聴覚平衡機能障がい,6級,税金の控除,軽自動車税種別割の減免,,
身　体　障　がい　者　手　帳,聴覚平衡機能障がい,6級,就労・雇用,藤沢公共職業安定所（ハローワーク藤沢）,○,
身　体　障　がい　者　手　帳,聴覚平衡機能障がい,6級,就労・雇用,神奈川県障害者職業能力開発校,○,
身　体　障　がい　者　手　帳,聴覚平衡機能障がい,6級,スポーツ・文化・レクリエーション,福祉バス「ともしび号」の運行,○,
身　体　障　がい　者　手　帳,音声言語・そしゃく機能障がい,3級,医療,精神障がい者入院医療援護金,,
身　体　障　がい　者　手　帳,音声言語・そしゃく機能障がい,3級,医療,特定健康診査・がん検診等の一部負担金の免除,○,
身　体　障　がい　者　手　帳,音声言語・そしゃく機能障がい,3級,補装具　他,補装具の購入・修理,△,
身　体　障　がい　者　手　帳,音声言語・そしゃく機能障がい,3級,補装具　他,計画相談支援・障がい児相談支援,△,
身　体　障　がい　者　手　帳,音声言語・そしゃく機能障がい,3級,補装具　他,介護給付費・訓練等給付費等の支給,○,
身　体　障　がい　者　手　帳,音声言語・そしゃく機能障がい,3級,補装具　他,移動支援事業,,
身　体　障　がい　者　手　帳,音声言語・そしゃく機能障がい,3級,補装具　他,重度身体障がい者訪問入浴サービス,,
身　体　障　がい　者　手　帳,音声言語・そしゃく機能障がい,3級,補装具　他,日中一時支援事業,,
身　体　障　がい　者　手　帳,音声言語・そしゃく機能障がい,3級,補装具　他,日常生活用具の給付,△,
身　体　障　がい　者　手　帳,音声言語・そしゃく機能障がい,3級,住宅,住宅設備改良費の助成①,,
身　体　障　がい　者　手　帳,音声言語・そしゃく機能障がい,3級,住宅,住宅設備改良費の助成②,△,
身　体　障　がい　者　手　帳,音声言語・そしゃく機能障がい,3級,住宅,市営住宅の入居優遇,○,
身　体　障　がい　者　手　帳,音声言語・そしゃく機能障がい,3級,住宅,県営住宅の入居優遇,○,
身　体　障　がい　者　手　帳,音声言語・そしゃく機能障がい,3級,住宅,身体障がい者世帯向県営住宅,○,
身　体　障　がい　者　手　帳,音声言語・そしゃく機能障がい,3級,住宅,県営住宅家賃の減額,○,
身　体　障　がい　者　手　帳,音声言語・そしゃく機能障がい,3級,情報・伝達支援,点字・声の広報の発行,,
身　体　障　がい　者　手　帳,音声言語・そしゃく機能障がい,3級,情報・伝達支援,点字・声の市議会だよりの発行,,
身　体　障　がい　者　手　帳,音声言語・そしゃく機能障がい,3級,情報・伝達支援,点字・録音図書の製作と貸出,,
身　体　障　がい　者　手　帳,音声言語・そしゃく機能障がい,3級,情報・伝達支援,手話・要約筆記者の設置・派遣,○,
身　体　障　がい　者　手　帳,音声言語・そしゃく機能障がい,3級,情報・伝達支援,FAX119番,○,
身　体　障　がい　者　手　帳,音声言語・そしゃく機能障がい,3級,情報・伝達支援,Eメール119番通報システム,○,
身　体　障　がい　者　手　帳,音声言語・そしゃく機能障がい,3級,情報・伝達支援,Net119緊急通報システム,○,
身　体　障　がい　者　手　帳,音声言語・そしゃく機能障がい,3級,情報・伝達支援,県警FAX110番,○,
身　体　障　がい　者　手　帳,音声言語・そしゃく機能障がい,3級,情報・伝達支援,電話リレーサービス,○,
身　体　障　がい　者　手　帳,音声言語・そしゃく機能障がい,3級,情報・伝達支援,通常はがき（青い鳥はがき）の無償配布,,
身　体　障　がい　者　手　帳,音声言語・そしゃく機能障がい,3級,情報・伝達支援,声の資源とごみの分け方・出し方（収集日程カレンダー含）の発行,,
身　体　障　がい　者　手　帳,音声言語・そしゃく機能障がい,3級,社会参加支援,鉄道等運賃の割引,○,
身　体　障　がい　者　手　帳,音声言語・そしゃく機能障がい,3級,社会参加支援,バス運賃の割引,○,
身　体　障　がい　者　手　帳,音声言語・そしゃく機能障がい,3級,社会参加支援,国内航空運賃の割引,△,
身　体　障　がい　者　手　帳,音声言語・そしゃく機能障がい,3級,社会参加支援,フェリー等運賃の割引,○,
身　体　障　がい　者　手　帳,音声言語・そしゃく機能障がい,3級,社会参加支援,タクシー料金の割引,○,
身　体　障　がい　者　手　帳,音声言語・そしゃく機能障がい,3級,社会参加支援,福祉タクシー利用助成,△,
身　体　障　がい　者　手　帳,音声言語・そしゃく機能障がい,3級,社会参加支援,有料道路通行料金の割引,△,
身　体　障　がい　者　手　帳,音声言語・そしゃく機能障がい,3級,社会参加支援,公共自動車駐車場料金の減免(湘南台駅地下自動車駐車場),○,
身　体　障　がい　者　手　帳,音声言語・そしゃく機能障がい,3級,社会参加支援,公共自動車駐車場料金の減免(奥田公園駐車場）,○,
身　体　障　がい　者　手　帳,音声言語・そしゃく機能障がい,3級,社会参加支援,市営有料自転車等駐車場利用料金の減免,○,
身　体　障　がい　者　手　帳,音声言語・そしゃく機能障がい,3級,社会参加支援,駐車禁止除外指定,,
身　体　障　がい　者　手　帳,音声言語・そしゃく機能障がい,3級,手当・年金等,障がい児福祉手当,,
身　体　障　がい　者　手　帳,音声言語・そしゃく機能障がい,3級,手当・年金等,特別障がい者手当,,
身　体　障　がい　者　手　帳,音声言語・そしゃく機能障がい,3級,手当・年金等,神奈川県在宅重度障がい者等手当,△,
身　体　障　がい　者　手　帳,音声言語・そしゃく機能障がい,3級,手当・年金等,藤沢市障がい者福祉手当,△,
身　体　障　がい　者　手　帳,音声言語・そしゃく機能障がい,3級,手当・年金等,藤沢市外国籍等障がい者福祉給付金,△,
身　体　障　がい　者　手　帳,音声言語・そしゃく機能障がい,3級,手当・年金等,藤沢市重度心身障がい者介護手当,,
身　体　障　がい　者　手　帳,音声言語・そしゃく機能障がい,3級,手当・年金等,特別児童扶養手当,△,
身　体　障　がい　者　手　帳,音声言語・そしゃく機能障がい,3級,手当・年金等,児童扶養手当,,
身　体　障　がい　者　手　帳,音声言語・そしゃく機能障がい,3級,手当・年金等,障がい厚生年金・障がい共済年金,△,
身　体　障　がい　者　手　帳,音声言語・そしゃく機能障がい,3級,手当・年金等,障がい基礎年金,△,
身　体　障　がい　者　手　帳,音声言語・そしゃく機能障がい,3級,手当・年金等,特別障がい給付金,△,
身　体　障　がい　者　手　帳,音声言語・そしゃく機能障がい,3級,手当・年金等,心身障がい者扶養共済制度,○,
身　体　障　がい　者　手　帳,音声言語・そしゃく機能障がい,3級,手当・年金等,生活保護の障がい者加算,○,
身　体　障　がい　者　手　帳,音声言語・そしゃく機能障がい,3級,公共料金の割引・税金の控除,下水道使用料の減額,○,
身　体　障　がい　者　手　帳,音声言語・そしゃく機能障がい,3級,公共料金の割引・税金の控除,水道料金の減額,△,
身　体　障　がい　者　手　帳,音声言語・そしゃく機能障がい,3級,公共料金の割引・税金の控除,NHK放送受信料の免除（全額）,△,
身　体　障　がい　者　手　帳,音声言語・そしゃく機能障がい,3級,公共料金の割引・税金の控除,NHK放送受信料の免除（半額）,,
身　体　障　がい　者　手　帳,音声言語・そしゃく機能障がい,3級,公共料金の割引・税金の控除,NTT電話番号案内料の免除,○,
身　体　障　がい　者　手　帳,音声言語・そしゃく機能障がい,3級,公共料金の割引・税金の控除,携帯電話基本使用料等の割引,○,
身　体　障　がい　者　手　帳,音声言語・そしゃく機能障がい,3級,公共料金の割引・税金の控除,所得税、市・県民税、相続税の障がい者控除および市・県民税非課税基準,○,
身　体　障　がい　者　手　帳,音声言語・そしゃく機能障がい,3級,税金の控除,贈与税の非課税,,
身　体　障　がい　者　手　帳,音声言語・そしゃく機能障がい,3級,税金の控除,個人事業税の非課税・減免,○,
身　体　障　がい　者　手　帳,音声言語・そしゃく機能障がい,3級,税金の控除,預貯金の利子非課税制度,○,
身　体　障　がい　者　手　帳,音声言語・そしゃく機能障がい,3級,税金の控除,自動車税種別割・自動車税（軽自動車税）環境性能割の減免,○※,
身　体　障　がい　者　手　帳,音声言語・そしゃく機能障がい,3級,税金の控除,軽自動車税種別割の減免,○※,
身　体　障　がい　者　手　帳,音声言語・そしゃく機能障がい,3級,就労・雇用,藤沢公共職業安定所（ハローワーク藤沢）,○,
身　体　障　がい　者　手　帳,音声言語・そしゃく機能障がい,3級,就労・雇用,神奈川県障害者職業能力開発校,○,
身　体　障　がい　者　手　帳,音声言語・そしゃく機能障がい,3級,スポーツ・文化・レクリエーション,福祉バス「ともしび号」の運行,○,
身　体　障　がい　者　手　帳,音声言語・そしゃく機能障がい,4級,医療,精神障がい者入院医療援護金,,
身　体　障　がい　者　手　帳,音声言語・そしゃく機能障がい,4級,医療,特定健康診査・がん検診等の一部負担金の免除,,
身　体　障　がい　者　手　帳,音声言語・そしゃく機能障がい,4級,補装具　他,補装具の購入・修理,△,
身　体　障　がい　者　手　帳,音声言語・そしゃく機能障がい,4級,補装具　他,計画相談支援・障がい児相談支援,△,
身　体　障　がい　者　手　帳,音声言語・そしゃく機能障がい,4級,補装具　他,介護給付費・訓練等給付費等の支給,○,
身　体　障　がい　者　手　帳,音声言語・そしゃく機能障がい,4級,補装具　他,移動支援事業,,
身　体　障　がい　者　手　帳,音声言語・そしゃく機能障がい,4級,補装具　他,重度身体障がい者訪問入浴サービス,,
身　体　障　がい　者　手　帳,音声言語・そしゃく機能障がい,4級,補装具　他,日中一時支援事業,,
身　体　障　がい　者　手　帳,音声言語・そしゃく機能障がい,4級,補装具　他,日常生活用具の給付,△,
身　体　障　がい　者　手　帳,音声言語・そしゃく機能障がい,4級,住宅,住宅設備改良費の助成①,,
身　体　障　がい　者　手　帳,音声言語・そしゃく機能障がい,4級,住宅,住宅設備改良費の助成②,,
身　体　障　がい　者　手　帳,音声言語・そしゃく機能障がい,4級,住宅,市営住宅の入居優遇,○,
身　体　障　がい　者　手　帳,音声言語・そしゃく機能障がい,4級,住宅,県営住宅の入居優遇,○,
身　体　障　がい　者　手　帳,音声言語・そしゃく機能障がい,4級,住宅,身体障がい者世帯向県営住宅,○,
身　体　障　がい　者　手　帳,音声言語・そしゃく機能障がい,4級,住宅,県営住宅家賃の減額,○,
身　体　障　がい　者　手　帳,音声言語・そしゃく機能障がい,4級,情報・伝達支援,点字・声の広報の発行,,
身　体　障　がい　者　手　帳,音声言語・そしゃく機能障がい,4級,情報・伝達支援,点字・声の市議会だよりの発行,,
身　体　障　がい　者　手　帳,音声言語・そしゃく機能障がい,4級,情報・伝達支援,点字・録音図書の製作と貸出,,
身　体　障　がい　者　手　帳,音声言語・そしゃく機能障がい,4級,情報・伝達支援,手話・要約筆記者の設置・派遣,○,
身　体　障　がい　者　手　帳,音声言語・そしゃく機能障がい,4級,情報・伝達支援,FAX119番,○,
身　体　障　がい　者　手　帳,音声言語・そしゃく機能障がい,4級,情報・伝達支援,Eメール119番通報システム,○,
身　体　障　がい　者　手　帳,音声言語・そしゃく機能障がい,4級,情報・伝達支援,Net119緊急通報システム,○,
身　体　障　がい　者　手　帳,音声言語・そしゃく機能障がい,4級,情報・伝達支援,県警FAX110番,○,
身　体　障　がい　者　手　帳,音声言語・そしゃく機能障がい,4級,情報・伝達支援,電話リレーサービス,○,
身　体　障　がい　者　手　帳,音声言語・そしゃく機能障がい,4級,情報・伝達支援,通常はがき（青い鳥はがき）の無償配布,,
身　体　障　がい　者　手　帳,音声言語・そしゃく機能障がい,4級,情報・伝達支援,声の資源とごみの分け方・出し方（収集日程カレンダー含）の発行,,
身　体　障　がい　者　手　帳,音声言語・そしゃく機能障がい,4級,社会参加支援,鉄道等運賃の割引,○,
身　体　障　がい　者　手　帳,音声言語・そしゃく機能障がい,4級,社会参加支援,バス運賃の割引,○,
身　体　障　がい　者　手　帳,音声言語・そしゃく機能障がい,4級,社会参加支援,国内航空運賃の割引,△,
身　体　障　がい　者　手　帳,音声言語・そしゃく機能障がい,4級,社会参加支援,フェリー等運賃の割引,○,
身　体　障　がい　者　手　帳,音声言語・そしゃく機能障がい,4級,社会参加支援,タクシー料金の割引,○,
身　体　障　がい　者　手　帳,音声言語・そしゃく機能障がい,4級,社会参加支援,福祉タクシー利用助成,,
身　体　障　がい　者　手　帳,音声言語・そしゃく機能障がい,4級,社会参加支援,有料道路通行料金の割引,△,
身　体　障　がい　者　手　帳,音声言語・そしゃく機能障がい,4級,社会参加支援,公共自動車駐車場料金の減免(湘南台駅地下自動車駐車場),○,
身　体　障　がい　者　手　帳,音声言語・そしゃく機能障がい,4級,社会参加支援,公共自動車駐車場料金の減免(奥田公園駐車場）,,
身　体　障　がい　者　手　帳,音声言語・そしゃく機能障がい,4級,社会参加支援,市営有料自転車等駐車場利用料金の減免,○,
身　体　障　がい　者　手　帳,音声言語・そしゃく機能障がい,4級,社会参加支援,駐車禁止除外指定,,
身　体　障　がい　者　手　帳,音声言語・そしゃく機能障がい,4級,手当・年金等,障がい児福祉手当,,
身　体　障　がい　者　手　帳,音声言語・そしゃく機能障がい,4級,手当・年金等,特別障がい者手当,,
身　体　障　がい　者　手　帳,音声言語・そしゃく機能障がい,4級,手当・年金等,神奈川県在宅重度障がい者等手当,,
身　体　障　がい　者　手　帳,音声言語・そしゃく機能障がい,4級,手当・年金等,藤沢市障がい者福祉手当,,
身　体　障　がい　者　手　帳,音声言語・そしゃく機能障がい,4級,手当・年金等,藤沢市外国籍等障がい者福祉給付金,,
身　体　障　がい　者　手　帳,音声言語・そしゃく機能障がい,4級,手当・年金等,藤沢市重度心身障がい者介護手当,,
身　体　障　がい　者　手　帳,音声言語・そしゃく機能障がい,4級,手当・年金等,特別児童扶養手当,,
身　体　障　がい　者　手　帳,音声言語・そしゃく機能障がい,4級,手当・年金等,児童扶養手当,,
身　体　障　がい　者　手　帳,音声言語・そしゃく機能障がい,4級,手当・年金等,障がい厚生年金・障がい共済年金,△,
身　体　障　がい　者　手　帳,音声言語・そしゃく機能障がい,4級,手当・年金等,障がい基礎年金,△,
身　体　障　がい　者　手　帳,音声言語・そしゃく機能障がい,4級,手当・年金等,特別障がい給付金,△,
身　体　障　がい　者　手　帳,音声言語・そしゃく機能障がい,4級,手当・年金等,心身障がい者扶養共済制度,,
身　体　障　がい　者　手　帳,音声言語・そしゃく機能障がい,4級,手当・年金等,生活保護の障がい者加算,,
身　体　障　がい　者　手　帳,音声言語・そしゃく機能障がい,4級,公共料金の割引・税金の控除,下水道使用料の減額,,
身　体　障　がい　者　手　帳,音声言語・そしゃく機能障がい,4級,公共料金の割引・税金の控除,水道料金の減額,,
身　体　障　がい　者　手　帳,音声言語・そしゃく機能障がい,4級,公共料金の割引・税金の控除,NHK放送受信料の免除（全額）,△,
身　体　障　がい　者　手　帳,音声言語・そしゃく機能障がい,4級,公共料金の割引・税金の控除,NHK放送受信料の免除（半額）,,
身　体　障　がい　者　手　帳,音声言語・そしゃく機能障がい,4級,公共料金の割引・税金の控除,NTT電話番号案内料の免除,○,
身　体　障　がい　者　手　帳,音声言語・そしゃく機能障がい,4級,公共料金の割引・税金の控除,携帯電話基本使用料等の割引,○,
身　体　障　がい　者　手　帳,音声言語・そしゃく機能障がい,4級,公共料金の割引・税金の控除,所得税、市・県民税、相続税の障がい者控除および市・県民税非課税基準,○,
身　体　障　がい　者　手　帳,音声言語・そしゃく機能障がい,4級,税金の控除,贈与税の非課税,,
身　体　障　がい　者　手　帳,音声言語・そしゃく機能障がい,4級,税金の控除,個人事業税の非課税・減免,○,
身　体　障　がい　者　手　帳,音声言語・そしゃく機能障がい,4級,税金の控除,預貯金の利子非課税制度,○,
身　体　障　がい　者　手　帳,音声言語・そしゃく機能障がい,4級,税金の控除,自動車税種別割・自動車税（軽自動車税）環境性能割の減免,,
身　体　障　がい　者　手　帳,音声言語・そしゃく機能障がい,4級,税金の控除,軽自動車税種別割の減免,,
身　体　障　がい　者　手　帳,音声言語・そしゃく機能障がい,4級,就労・雇用,藤沢公共職業安定所（ハローワーク藤沢）,○,
身　体　障　がい　者　手　帳,音声言語・そしゃく機能障がい,4級,就労・雇用,神奈川県障害者職業能力開発校,○,
身　体　障　がい　者　手　帳,音声言語・そしゃく機能障がい,4級,スポーツ・文化・レクリエーション,福祉バス「ともしび号」の運行,○,
身　体　障　がい　者　手　帳,肢体不自由,1級,医療,精神障がい者入院医療援護金,,
身　体　障　がい　者　手　帳,肢体不自由,1級,医療,特定健康診査・がん検診等の一部負担金の免除,○,
身　体　障　がい　者　手　帳,肢体不自由,1級,補装具　他,補装具の購入・修理,△,
身　体　障　がい　者　手　帳,肢体不自由,1級,補装具　他,計画相談支援・障がい児相談支援,△,
身　体　障　がい　者　手　帳,肢体不自由,1級,補装具　他,介護給付費・訓練等給付費等の支給,○,
身　体　障　がい　者　手　帳,肢体不自由,1級,補装具　他,移動支援事業,○,
身　体　障　がい　者　手　帳,肢体不自由,1級,補装具　他,重度身体障がい者訪問入浴サービス,△,
身　体　障　がい　者　手　帳,肢体不自由,1級,補装具　他,日中一時支援事業,△,
身　体　障　がい　者　手　帳,肢体不自由,1級,補装具　他,日常生活用具の給付,△,
身　体　障　がい　者　手　帳,肢体不自由,1級,住宅,住宅設備改良費の助成①,△,
身　体　障　がい　者　手　帳,肢体不自由,1級,住宅,住宅設備改良費の助成②,△,
身　体　障　がい　者　手　帳,肢体不自由,1級,住宅,市営住宅の入居優遇,○,
身　体　障　がい　者　手　帳,肢体不自由,1級,住宅,県営住宅の入居優遇,○,
身　体　障　がい　者　手　帳,肢体不自由,1級,住宅,身体障がい者世帯向県営住宅,○,
身　体　障　がい　者　手　帳,肢体不自由,1級,住宅,県営住宅家賃の減額,○,
身　体　障　がい　者　手　帳,肢体不自由,1級,情報・伝達支援,点字・声の広報の発行,,
身　体　障　がい　者　手　帳,肢体不自由,1級,情報・伝達支援,点字・声の市議会だよりの発行,,
身　体　障　がい　者　手　帳,肢体不自由,1級,情報・伝達支援,点字・録音図書の製作と貸出,,
身　体　障　がい　者　手　帳,肢体不自由,1級,情報・伝達支援,手話・要約筆記者の設置・派遣,,
身　体　障　がい　者　手　帳,肢体不自由,1級,情報・伝達支援,FAX119番,,
身　体　障　がい　者　手　帳,肢体不自由,1級,情報・伝達支援,Eメール119番通報システム,,
身　体　障　がい　者　手　帳,肢体不自由,1級,情報・伝達支援,Net119緊急通報システム,,
身　体　障　がい　者　手　帳,肢体不自由,1級,情報・伝達支援,県警FAX110番,,
身　体　障　がい　者　手　帳,肢体不自由,1級,情報・伝達支援,電話リレーサービス,,
身　体　障　がい　者　手　帳,肢体不自由,1級,情報・伝達支援,通常はがき（青い鳥はがき）の無償配布,○,
身　体　障　がい　者　手　帳,肢体不自由,1級,情報・伝達支援,声の資源とごみの分け方・出し方（収集日程カレンダー含）の発行,,
身　体　障　がい　者　手　帳,肢体不自由,1級,社会参加支援,鉄道等運賃の割引,○,
身　体　障　がい　者　手　帳,肢体不自由,1級,社会参加支援,バス運賃の割引,○,
身　体　障　がい　者　手　帳,肢体不自由,1級,社会参加支援,国内航空運賃の割引,△,
身　体　障　がい　者　手　帳,肢体不自由,1級,社会参加支援,フェリー等運賃の割引,○,
身　体　障　がい　者　手　帳,肢体不自由,1級,社会参加支援,タクシー料金の割引,○,
身　体　障　がい　者　手　帳,肢体不自由,1級,社会参加支援,福祉タクシー利用助成,○,
身　体　障　がい　者　手　帳,肢体不自由,1級,社会参加支援,有料道路通行料金の割引,○,
身　体　障　がい　者　手　帳,肢体不自由,1級,社会参加支援,公共自動車駐車場料金の減免(湘南台駅地下自動車駐車場),○,
身　体　障　がい　者　手　帳,肢体不自由,1級,社会参加支援,公共自動車駐車場料金の減免(奥田公園駐車場）,○,
身　体　障　がい　者　手　帳,肢体不自由,1級,社会参加支援,市営有料自転車等駐車場利用料金の減免,○,
身　体　障　がい　者　手　帳,肢体不自由,1級,社会参加支援,駐車禁止除外指定,△,
身　体　障　がい　者　手　帳,肢体不自由,1級,手当・年金等,障がい児福祉手当,△,
身　体　障　がい　者　手　帳,肢体不自由,1級,手当・年金等,特別障がい者手当,△,
身　体　障　がい　者　手　帳,肢体不自由,1級,手当・年金等,神奈川県在宅重度障がい者等手当,△,
身　体　障　がい　者　手　帳,肢体不自由,1級,手当・年金等,藤沢市障がい者福祉手当,△,
身　体　障　がい　者　手　帳,肢体不自由,1級,手当・年金等,藤沢市外国籍等障がい者福祉給付金,△,
身　体　障　がい　者　手　帳,肢体不自由,1級,手当・年金等,藤沢市重度心身障がい者介護手当,△,
身　体　障　がい　者　手　帳,肢体不自由,1級,手当・年金等,特別児童扶養手当,△,
身　体　障　がい　者　手　帳,肢体不自由,1級,手当・年金等,児童扶養手当,△,
身　体　障　がい　者　手　帳,肢体不自由,1級,手当・年金等,障がい厚生年金・障がい共済年金,△,
身　体　障　がい　者　手　帳,肢体不自由,1級,手当・年金等,障がい基礎年金,△,
身　体　障　がい　者　手　帳,肢体不自由,1級,手当・年金等,特別障がい給付金,△,
身　体　障　がい　者　手　帳,肢体不自由,1級,手当・年金等,心身障がい者扶養共済制度,○,
身　体　障　がい　者　手　帳,肢体不自由,1級,手当・年金等,生活保護の障がい者加算,○,
身　体　障　がい　者　手　帳,肢体不自由,1級,公共料金の割引・税金の控除,下水道使用料の減額,○,
身　体　障　がい　者　手　帳,肢体不自由,1級,公共料金の割引・税金の控除,水道料金の減額,○,
身　体　障　がい　者　手　帳,肢体不自由,1級,公共料金の割引・税金の控除,NHK放送受信料の免除（全額）,△,
身　体　障　がい　者　手　帳,肢体不自由,1級,公共料金の割引・税金の控除,NHK放送受信料の免除（半額）,△,
身　体　障　がい　者　手　帳,肢体不自由,1級,公共料金の割引・税金の控除,NTT電話番号案内料の免除,△,
身　体　障　がい　者　手　帳,肢体不自由,1級,公共料金の割引・税金の控除,携帯電話基本使用料等の割引,○,
身　体　障　がい　者　手　帳,肢体不自由,1級,公共料金の割引・税金の控除,所得税、市・県民税、相続税の障がい者控除および市・県民税非課税基準,○,
身　体　障　がい　者　手　帳,肢体不自由,1級,税金の控除,贈与税の非課税,○,
身　体　障　がい　者　手　帳,肢体不自由,1級,税金の控除,個人事業税の非課税・減免,○,
身　体　障　がい　者　手　帳,肢体不自由,1級,税金の控除,預貯金の利子非課税制度,○,
身　体　障　がい　者　手　帳,肢体不自由,1級,税金の控除,自動車税種別割・自動車税（軽自動車税）環境性能割の減免,○,
身　体　障　がい　者　手　帳,肢体不自由,1級,税金の控除,軽自動車税種別割の減免,○,
身　体　障　がい　者　手　帳,肢体不自由,1級,就労・雇用,藤沢公共職業安定所（ハローワーク藤沢）,○,
身　体　障　がい　者　手　帳,肢体不自由,1級,就労・雇用,神奈川県障害者職業能力開発校,○,
身　体　障　がい　者　手　帳,肢体不自由,1級,スポーツ・文化・レクリエーション,福祉バス「ともしび号」の運行,○,
身　体　障　がい　者　手　帳,肢体不自由,2級,医療,精神障がい者入院医療援護金,,
身　体　障　がい　者　手　帳,肢体不自由,2級,医療,特定健康診査・がん検診等の一部負担金の免除,○,
身　体　障　がい　者　手　帳,肢体不自由,2級,補装具　他,補装具の購入・修理,△,
身　体　障　がい　者　手　帳,肢体不自由,2級,補装具　他,計画相談支援・障がい児相談支援,△,
身　体　障　がい　者　手　帳,肢体不自由,2級,補装具　他,介護給付費・訓練等給付費等の支給,○,
身　体　障　がい　者　手　帳,肢体不自由,2級,補装具　他,移動支援事業,○,
身　体　障　がい　者　手　帳,肢体不自由,2級,補装具　他,重度身体障がい者訪問入浴サービス,△,
身　体　障　がい　者　手　帳,肢体不自由,2級,補装具　他,日中一時支援事業,△,
身　体　障　がい　者　手　帳,肢体不自由,2級,補装具　他,日常生活用具の給付,△,
身　体　障　がい　者　手　帳,肢体不自由,2級,住宅,住宅設備改良費の助成①,△,
身　体　障　がい　者　手　帳,肢体不自由,2級,住宅,住宅設備改良費の助成②,△,
身　体　障　がい　者　手　帳,肢体不自由,2級,住宅,市営住宅の入居優遇,○,
身　体　障　がい　者　手　帳,肢体不自由,2級,住宅,県営住宅の入居優遇,○,
身　体　障　がい　者　手　帳,肢体不自由,2級,住宅,身体障がい者世帯向県営住宅,○,
身　体　障　がい　者　手　帳,肢体不自由,2級,住宅,県営住宅家賃の減額,○,
身　体　障　がい　者　手　帳,肢体不自由,2級,情報・伝達支援,点字・声の広報の発行,,
身　体　障　がい　者　手　帳,肢体不自由,2級,情報・伝達支援,点字・声の市議会だよりの発行,,
身　体　障　がい　者　手　帳,肢体不自由,2級,情報・伝達支援,点字・録音図書の製作と貸出,,
身　体　障　がい　者　手　帳,肢体不自由,2級,情報・伝達支援,手話・要約筆記者の設置・派遣,,
身　体　障　がい　者　手　帳,肢体不自由,2級,情報・伝達支援,FAX119番,,
身　体　障　がい　者　手　帳,肢体不自由,2級,情報・伝達支援,Eメール119番通報システム,,
身　体　障　がい　者　手　帳,肢体不自由,2級,情報・伝達支援,Net119緊急通報システム,,
身　体　障　がい　者　手　帳,肢体不自由,2級,情報・伝達支援,県警FAX110番,,
身　体　障　がい　者　手　帳,肢体不自由,2級,情報・伝達支援,電話リレーサービス,,
身　体　障　がい　者　手　帳,肢体不自由,2級,情報・伝達支援,通常はがき（青い鳥はがき）の無償配布,○,
身　体　障　がい　者　手　帳,肢体不自由,2級,情報・伝達支援,声の資源とごみの分け方・出し方（収集日程カレンダー含）の発行,,
身　体　障　がい　者　手　帳,肢体不自由,2級,社会参加支援,鉄道等運賃の割引,○,
身　体　障　がい　者　手　帳,肢体不自由,2級,社会参加支援,バス運賃の割引,○,
身　体　障　がい　者　手　帳,肢体不自由,2級,社会参加支援,国内航空運賃の割引,△,
身　体　障　がい　者　手　帳,肢体不自由,2級,社会参加支援,フェリー等運賃の割引,○,
身　体　障　がい　者　手　帳,肢体不自由,2級,社会参加支援,タクシー料金の割引,○,
身　体　障　がい　者　手　帳,肢体不自由,2級,社会参加支援,福祉タクシー利用助成,△,
身　体　障　がい　者　手　帳,肢体不自由,2級,社会参加支援,有料道路通行料金の割引,△,
身　体　障　がい　者　手　帳,肢体不自由,2級,社会参加支援,公共自動車駐車場料金の減免(湘南台駅地下自動車駐車場),○,
身　体　障　がい　者　手　帳,肢体不自由,2級,社会参加支援,公共自動車駐車場料金の減免(奥田公園駐車場）,○,
身　体　障　がい　者　手　帳,肢体不自由,2級,社会参加支援,市営有料自転車等駐車場利用料金の減免,○,
身　体　障　がい　者　手　帳,肢体不自由,2級,社会参加支援,駐車禁止除外指定,△,
身　体　障　がい　者　手　帳,肢体不自由,2級,手当・年金等,障がい児福祉手当,△,
身　体　障　がい　者　手　帳,肢体不自由,2級,手当・年金等,特別障がい者手当,△,
身　体　障　がい　者　手　帳,肢体不自由,2級,手当・年金等,神奈川県在宅重度障がい者等手当,△,
身　体　障　がい　者　手　帳,肢体不自由,2級,手当・年金等,藤沢市障がい者福祉手当,△,
身　体　障　がい　者　手　帳,肢体不自由,2級,手当・年金等,藤沢市外国籍等障がい者福祉給付金,△,
身　体　障　がい　者　手　帳,肢体不自由,2級,手当・年金等,藤沢市重度心身障がい者介護手当,△,
身　体　障　がい　者　手　帳,肢体不自由,2級,手当・年金等,特別児童扶養手当,△,
身　体　障　がい　者　手　帳,肢体不自由,2級,手当・年金等,児童扶養手当,△,
身　体　障　がい　者　手　帳,肢体不自由,2級,手当・年金等,障がい厚生年金・障がい共済年金,△,
身　体　障　がい　者　手　帳,肢体不自由,2級,手当・年金等,障がい基礎年金,△,
身　体　障　がい　者　手　帳,肢体不自由,2級,手当・年金等,特別障がい給付金,△,
身　体　障　がい　者　手　帳,肢体不自由,2級,手当・年金等,心身障がい者扶養共済制度,○,
身　体　障　がい　者　手　帳,肢体不自由,2級,手当・年金等,生活保護の障がい者加算,○,
身　体　障　がい　者　手　帳,肢体不自由,2級,公共料金の割引・税金の控除,下水道使用料の減額,○,
身　体　障　がい　者　手　帳,肢体不自由,2級,公共料金の割引・税金の控除,水道料金の減額,○,
身　体　障　がい　者　手　帳,肢体不自由,2級,公共料金の割引・税金の控除,NHK放送受信料の免除（全額）,△,
身　体　障　がい　者　手　帳,肢体不自由,2級,公共料金の割引・税金の控除,NHK放送受信料の免除（半額）,△,
身　体　障　がい　者　手　帳,肢体不自由,2級,公共料金の割引・税金の控除,NTT電話番号案内料の免除,△,
身　体　障　がい　者　手　帳,肢体不自由,2級,公共料金の割引・税金の控除,携帯電話基本使用料等の割引,○,
身　体　障　がい　者　手　帳,肢体不自由,2級,公共料金の割引・税金の控除,所得税、市・県民税、相続税の障がい者控除および市・県民税非課税基準,○,
身　体　障　がい　者　手　帳,肢体不自由,2級,税金の控除,贈与税の非課税,○,
身　体　障　がい　者　手　帳,肢体不自由,2級,税金の控除,個人事業税の非課税・減免,○,
身　体　障　がい　者　手　帳,肢体不自由,2級,税金の控除,預貯金の利子非課税制度,○,
身　体　障　がい　者　手　帳,肢体不自由,2級,税金の控除,自動車税種別割・自動車税（軽自動車税）環境性能割の減免,○,
身　体　障　がい　者　手　帳,肢体不自由,2級,税金の控除,軽自動車税種別割の減免,○,
身　体　障　がい　者　手　帳,肢体不自由,2級,就労・雇用,藤沢公共職業安定所（ハローワーク藤沢）,○,
身　体　障　がい　者　手　帳,肢体不自由,2級,就労・雇用,神奈川県障害者職業能力開発校,○,
身　体　障　がい　者　手　帳,肢体不自由,2級,スポーツ・文化・レクリエーション,福祉バス「ともしび号」の運行,○,
身　体　障　がい　者　手　帳,肢体不自由,3級,医療,精神障がい者入院医療援護金,,
身　体　障　がい　者　手　帳,肢体不自由,3級,医療,特定健康診査・がん検診等の一部負担金の免除,○,
身　体　障　がい　者　手　帳,肢体不自由,3級,補装具　他,補装具の購入・修理,△,
身　体　障　がい　者　手　帳,肢体不自由,3級,補装具　他,計画相談支援・障がい児相談支援,△,
身　体　障　がい　者　手　帳,肢体不自由,3級,補装具　他,介護給付費・訓練等給付費等の支給,○,
身　体　障　がい　者　手　帳,肢体不自由,3級,補装具　他,移動支援事業,△,
身　体　障　がい　者　手　帳,肢体不自由,3級,補装具　他,重度身体障がい者訪問入浴サービス,△,
身　体　障　がい　者　手　帳,肢体不自由,3級,補装具　他,日中一時支援事業,,
身　体　障　がい　者　手　帳,肢体不自由,3級,補装具　他,日常生活用具の給付,△,
身　体　障　がい　者　手　帳,肢体不自由,3級,住宅,住宅設備改良費の助成①,,
身　体　障　がい　者　手　帳,肢体不自由,3級,住宅,住宅設備改良費の助成②,△,
身　体　障　がい　者　手　帳,肢体不自由,3級,住宅,市営住宅の入居優遇,○,
身　体　障　がい　者　手　帳,肢体不自由,3級,住宅,県営住宅の入居優遇,○,
身　体　障　がい　者　手　帳,肢体不自由,3級,住宅,身体障がい者世帯向県営住宅,○,
身　体　障　がい　者　手　帳,肢体不自由,3級,住宅,県営住宅家賃の減額,○,
身　体　障　がい　者　手　帳,肢体不自由,3級,情報・伝達支援,点字・声の広報の発行,,
身　体　障　がい　者　手　帳,肢体不自由,3級,情報・伝達支援,点字・声の市議会だよりの発行,,
身　体　障　がい　者　手　帳,肢体不自由,3級,情報・伝達支援,点字・録音図書の製作と貸出,,
身　体　障　がい　者　手　帳,肢体不自由,3級,情報・伝達支援,手話・要約筆記者の設置・派遣,,
身　体　障　がい　者　手　帳,肢体不自由,3級,情報・伝達支援,FAX119番,,
身　体　障　がい　者　手　帳,肢体不自由,3級,情報・伝達支援,Eメール119番通報システム,,
身　体　障　がい　者　手　帳,肢体不自由,3級,情報・伝達支援,Net119緊急通報システム,,
身　体　障　がい　者　手　帳,肢体不自由,3級,情報・伝達支援,県警FAX110番,,
身　体　障　がい　者　手　帳,肢体不自由,3級,情報・伝達支援,電話リレーサービス,,
身　体　障　がい　者　手　帳,肢体不自由,3級,情報・伝達支援,通常はがき（青い鳥はがき）の無償配布,,
身　体　障　がい　者　手　帳,肢体不自由,3級,情報・伝達支援,声の資源とごみの分け方・出し方（収集日程カレンダー含）の発行,,
身　体　障　がい　者　手　帳,肢体不自由,3級,社会参加支援,鉄道等運賃の割引,○,
身　体　障　がい　者　手　帳,肢体不自由,3級,社会参加支援,バス運賃の割引,○,
身　体　障　がい　者　手　帳,肢体不自由,3級,社会参加支援,国内航空運賃の割引,△,
身　体　障　がい　者　手　帳,肢体不自由,3級,社会参加支援,フェリー等運賃の割引,○,
身　体　障　がい　者　手　帳,肢体不自由,3級,社会参加支援,タクシー料金の割引,○,
身　体　障　がい　者　手　帳,肢体不自由,3級,社会参加支援,福祉タクシー利用助成,△,
身　体　障　がい　者　手　帳,肢体不自由,3級,社会参加支援,有料道路通行料金の割引,△,
身　体　障　がい　者　手　帳,肢体不自由,3級,社会参加支援,公共自動車駐車場料金の減免(湘南台駅地下自動車駐車場),○,
身　体　障　がい　者　手　帳,肢体不自由,3級,社会参加支援,公共自動車駐車場料金の減免(奥田公園駐車場）,○,
身　体　障　がい　者　手　帳,肢体不自由,3級,社会参加支援,市営有料自転車等駐車場利用料金の減免,○,
身　体　障　がい　者　手　帳,肢体不自由,3級,社会参加支援,駐車禁止除外指定,△,
身　体　障　がい　者　手　帳,肢体不自由,3級,手当・年金等,障がい児福祉手当,,
身　体　障　がい　者　手　帳,肢体不自由,3級,手当・年金等,特別障がい者手当,,
身　体　障　がい　者　手　帳,肢体不自由,3級,手当・年金等,神奈川県在宅重度障がい者等手当,△,
身　体　障　がい　者　手　帳,肢体不自由,3級,手当・年金等,藤沢市障がい者福祉手当,△,
身　体　障　がい　者　手　帳,肢体不自由,3級,手当・年金等,藤沢市外国籍等障がい者福祉給付金,△,
身　体　障　がい　者　手　帳,肢体不自由,3級,手当・年金等,藤沢市重度心身障がい者介護手当,,
身　体　障　がい　者　手　帳,肢体不自由,3級,手当・年金等,特別児童扶養手当,△,
身　体　障　がい　者　手　帳,肢体不自由,3級,手当・年金等,児童扶養手当,,
身　体　障　がい　者　手　帳,肢体不自由,3級,手当・年金等,障がい厚生年金・障がい共済年金,△,
身　体　障　がい　者　手　帳,肢体不自由,3級,手当・年金等,障がい基礎年金,△,
身　体　障　がい　者　手　帳,肢体不自由,3級,手当・年金等,特別障がい給付金,△,
身　体　障　がい　者　手　帳,肢体不自由,3級,手当・年金等,心身障がい者扶養共済制度,○,
身　体　障　がい　者　手　帳,肢体不自由,3級,手当・年金等,生活保護の障がい者加算,○,
身　体　障　がい　者　手　帳,肢体不自由,3級,公共料金の割引・税金の控除,下水道使用料の減額,○,
身　体　障　がい　者　手　帳,肢体不自由,3級,公共料金の割引・税金の控除,水道料金の減額,△,
身　体　障　がい　者　手　帳,肢体不自由,3級,公共料金の割引・税金の控除,NHK放送受信料の免除（全額）,△,
身　体　障　がい　者　手　帳,肢体不自由,3級,公共料金の割引・税金の控除,NHK放送受信料の免除（半額）,,
身　体　障　がい　者　手　帳,肢体不自由,3級,公共料金の割引・税金の控除,NTT電話番号案内料の免除,,
身　体　障　がい　者　手　帳,肢体不自由,3級,公共料金の割引・税金の控除,携帯電話基本使用料等の割引,○,
身　体　障　がい　者　手　帳,肢体不自由,3級,公共料金の割引・税金の控除,所得税、市・県民税、相続税の障がい者控除および市・県民税非課税基準,○,
身　体　障　がい　者　手　帳,肢体不自由,3級,税金の控除,贈与税の非課税,,
身　体　障　がい　者　手　帳,肢体不自由,3級,税金の控除,個人事業税の非課税・減免,○,
身　体　障　がい　者　手　帳,肢体不自由,3級,税金の控除,預貯金の利子非課税制度,○,
身　体　障　がい　者　手　帳,肢体不自由,3級,税金の控除,自動車税種別割・自動車税（軽自動車税）環境性能割の減免,△,
身　体　障　がい　者　手　帳,肢体不自由,3級,税金の控除,軽自動車税種別割の減免,△,
身　体　障　がい　者　手　帳,肢体不自由,3級,就労・雇用,藤沢公共職業安定所（ハローワーク藤沢）,○,
身　体　障　がい　者　手　帳,肢体不自由,3級,就労・雇用,神奈川県障害者職業能力開発校,○,
身　体　障　がい　者　手　帳,肢体不自由,3級,スポーツ・文化・レクリエーション,福祉バス「ともしび号」の運行,○,
身　体　障　がい　者　手　帳,肢体不自由,4級,医療,精神障がい者入院医療援護金,,
身　体　障　がい　者　手　帳,肢体不自由,4級,医療,特定健康診査・がん検診等の一部負担金の免除,,
身　体　障　がい　者　手　帳,肢体不自由,4級,補装具　他,補装具の購入・修理,△,
身　体　障　がい　者　手　帳,肢体不自由,4級,補装具　他,計画相談支援・障がい児相談支援,△,
身　体　障　がい　者　手　帳,肢体不自由,4級,補装具　他,介護給付費・訓練等給付費等の支給,○,
身　体　障　がい　者　手　帳,肢体不自由,4級,補装具　他,移動支援事業,,
身　体　障　がい　者　手　帳,肢体不自由,4級,補装具　他,重度身体障がい者訪問入浴サービス,△,
身　体　障　がい　者　手　帳,肢体不自由,4級,補装具　他,日中一時支援事業,,
身　体　障　がい　者　手　帳,肢体不自由,4級,補装具　他,日常生活用具の給付,△,
身　体　障　がい　者　手　帳,肢体不自由,4級,住宅,住宅設備改良費の助成①,,
身　体　障　がい　者　手　帳,肢体不自由,4級,住宅,住宅設備改良費の助成②,,
身　体　障　がい　者　手　帳,肢体不自由,4級,住宅,市営住宅の入居優遇,○,
身　体　障　がい　者　手　帳,肢体不自由,4級,住宅,県営住宅の入居優遇,○,
身　体　障　がい　者　手　帳,肢体不自由,4級,住宅,身体障がい者世帯向県営住宅,○,
身　体　障　がい　者　手　帳,肢体不自由,4級,住宅,県営住宅家賃の減額,○,
身　体　障　がい　者　手　帳,肢体不自由,4級,情報・伝達支援,点字・声の広報の発行,,
身　体　障　がい　者　手　帳,肢体不自由,4級,情報・伝達支援,点字・声の市議会だよりの発行,,
身　体　障　がい　者　手　帳,肢体不自由,4級,情報・伝達支援,点字・録音図書の製作と貸出,,
身　体　障　がい　者　手　帳,肢体不自由,4級,情報・伝達支援,手話・要約筆記者の設置・派遣,,
身　体　障　がい　者　手　帳,肢体不自由,4級,情報・伝達支援,FAX119番,,
身　体　障　がい　者　手　帳,肢体不自由,4級,情報・伝達支援,Eメール119番通報システム,,
身　体　障　がい　者　手　帳,肢体不自由,4級,情報・伝達支援,Net119緊急通報システム,,
身　体　障　がい　者　手　帳,肢体不自由,4級,情報・伝達支援,県警FAX110番,,
身　体　障　がい　者　手　帳,肢体不自由,4級,情報・伝達支援,電話リレーサービス,,
身　体　障　がい　者　手　帳,肢体不自由,4級,情報・伝達支援,通常はがき（青い鳥はがき）の無償配布,,
身　体　障　がい　者　手　帳,肢体不自由,4級,情報・伝達支援,声の資源とごみの分け方・出し方（収集日程カレンダー含）の発行,,
身　体　障　がい　者　手　帳,肢体不自由,4級,社会参加支援,鉄道等運賃の割引,○,
身　体　障　がい　者　手　帳,肢体不自由,4級,社会参加支援,バス運賃の割引,○,
身　体　障　がい　者　手　帳,肢体不自由,4級,社会参加支援,国内航空運賃の割引,△,
身　体　障　がい　者　手　帳,肢体不自由,4級,社会参加支援,フェリー等運賃の割引,○,
身　体　障　がい　者　手　帳,肢体不自由,4級,社会参加支援,タクシー料金の割引,○,
身　体　障　がい　者　手　帳,肢体不自由,4級,社会参加支援,福祉タクシー利用助成,,
身　体　障　がい　者　手　帳,肢体不自由,4級,社会参加支援,有料道路通行料金の割引,△,
身　体　障　がい　者　手　帳,肢体不自由,4級,社会参加支援,公共自動車駐車場料金の減免(湘南台駅地下自動車駐車場),○,
身　体　障　がい　者　手　帳,肢体不自由,4級,社会参加支援,公共自動車駐車場料金の減免(奥田公園駐車場）,,
身　体　障　がい　者　手　帳,肢体不自由,4級,社会参加支援,市営有料自転車等駐車場利用料金の減免,○,
身　体　障　がい　者　手　帳,肢体不自由,4級,社会参加支援,駐車禁止除外指定,△,
身　体　障　がい　者　手　帳,肢体不自由,4級,手当・年金等,障がい児福祉手当,,
身　体　障　がい　者　手　帳,肢体不自由,4級,手当・年金等,特別障がい者手当,,
身　体　障　がい　者　手　帳,肢体不自由,4級,手当・年金等,神奈川県在宅重度障がい者等手当,,
身　体　障　がい　者　手　帳,肢体不自由,4級,手当・年金等,藤沢市障がい者福祉手当,,
身　体　障　がい　者　手　帳,肢体不自由,4級,手当・年金等,藤沢市外国籍等障がい者福祉給付金,,
身　体　障　がい　者　手　帳,肢体不自由,4級,手当・年金等,藤沢市重度心身障がい者介護手当,,
身　体　障　がい　者　手　帳,肢体不自由,4級,手当・年金等,特別児童扶養手当,△,
身　体　障　がい　者　手　帳,肢体不自由,4級,手当・年金等,児童扶養手当,,
身　体　障　がい　者　手　帳,肢体不自由,4級,手当・年金等,障がい厚生年金・障がい共済年金,△,
身　体　障　がい　者　手　帳,肢体不自由,4級,手当・年金等,障がい基礎年金,△,
身　体　障　がい　者　手　帳,肢体不自由,4級,手当・年金等,特別障がい給付金,△,
身　体　障　がい　者　手　帳,肢体不自由,4級,手当・年金等,心身障がい者扶養共済制度,,
身　体　障　がい　者　手　帳,肢体不自由,4級,手当・年金等,生活保護の障がい者加算,,
身　体　障　がい　者　手　帳,肢体不自由,4級,公共料金の割引・税金の控除,下水道使用料の減額,,
身　体　障　がい　者　手　帳,肢体不自由,4級,公共料金の割引・税金の控除,水道料金の減額,,
身　体　障　がい　者　手　帳,肢体不自由,4級,公共料金の割引・税金の控除,NHK放送受信料の免除（全額）,△,
身　体　障　がい　者　手　帳,肢体不自由,4級,公共料金の割引・税金の控除,NHK放送受信料の免除（半額）,,
身　体　障　がい　者　手　帳,肢体不自由,4級,公共料金の割引・税金の控除,NTT電話番号案内料の免除,,
身　体　障　がい　者　手　帳,肢体不自由,4級,公共料金の割引・税金の控除,携帯電話基本使用料等の割引,○,
身　体　障　がい　者　手　帳,肢体不自由,4級,公共料金の割引・税金の控除,所得税、市・県民税、相続税の障がい者控除および市・県民税非課税基準,○,
身　体　障　がい　者　手　帳,肢体不自由,4級,税金の控除,贈与税の非課税,,
身　体　障　がい　者　手　帳,肢体不自由,4級,税金の控除,個人事業税の非課税・減免,○,
身　体　障　がい　者　手　帳,肢体不自由,4級,税金の控除,預貯金の利子非課税制度,○,
身　体　障　がい　者　手　帳,肢体不自由,4級,税金の控除,自動車税種別割・自動車税（軽自動車税）環境性能割の減免,△,
身　体　障　がい　者　手　帳,肢体不自由,4級,税金の控除,軽自動車税種別割の減免,△,
身　体　障　がい　者　手　帳,肢体不自由,4級,就労・雇用,藤沢公共職業安定所（ハローワーク藤沢）,○,
身　体　障　がい　者　手　帳,肢体不自由,4級,就労・雇用,神奈川県障害者職業能力開発校,○,
身　体　障　がい　者　手　帳,肢体不自由,4級,スポーツ・文化・レクリエーション,福祉バス「ともしび号」の運行,○,
身　体　障　がい　者　手　帳,肢体不自由,5級,医療,精神障がい者入院医療援護金,,
身　体　障　がい　者　手　帳,肢体不自由,5級,医療,特定健康診査・がん検診等の一部負担金の免除,,
身　体　障　がい　者　手　帳,肢体不自由,5級,補装具　他,補装具の購入・修理,△,
身　体　障　がい　者　手　帳,肢体不自由,5級,補装具　他,計画相談支援・障がい児相談支援,△,
身　体　障　がい　者　手　帳,肢体不自由,5級,補装具　他,介護給付費・訓練等給付費等の支給,○,
身　体　障　がい　者　手　帳,肢体不自由,5級,補装具　他,移動支援事業,,
身　体　障　がい　者　手　帳,肢体不自由,5級,補装具　他,重度身体障がい者訪問入浴サービス,△,
身　体　障　がい　者　手　帳,肢体不自由,5級,補装具　他,日中一時支援事業,,
身　体　障　がい　者　手　帳,肢体不自由,5級,補装具　他,日常生活用具の給付,△,
身　体　障　がい　者　手　帳,肢体不自由,5級,住宅,住宅設備改良費の助成①,,
身　体　障　がい　者　手　帳,肢体不自由,5級,住宅,住宅設備改良費の助成②,,
身　体　障　がい　者　手　帳,肢体不自由,5級,住宅,市営住宅の入居優遇,,
身　体　障　がい　者　手　帳,肢体不自由,5級,住宅,県営住宅の入居優遇,,
身　体　障　がい　者　手　帳,肢体不自由,5級,住宅,身体障がい者世帯向県営住宅,,
身　体　障　がい　者　手　帳,肢体不自由,5級,住宅,県営住宅家賃の減額,,
身　体　障　がい　者　手　帳,肢体不自由,5級,情報・伝達支援,点字・声の広報の発行,,
身　体　障　がい　者　手　帳,肢体不自由,5級,情報・伝達支援,点字・声の市議会だよりの発行,,
身　体　障　がい　者　手　帳,肢体不自由,5級,情報・伝達支援,点字・録音図書の製作と貸出,,
身　体　障　がい　者　手　帳,肢体不自由,5級,情報・伝達支援,手話・要約筆記者の設置・派遣,,
身　体　障　がい　者　手　帳,肢体不自由,5級,情報・伝達支援,FAX119番,,
身　体　障　がい　者　手　帳,肢体不自由,5級,情報・伝達支援,Eメール119番通報システム,,
身　体　障　がい　者　手　帳,肢体不自由,5級,情報・伝達支援,Net119緊急通報システム,,
身　体　障　がい　者　手　帳,肢体不自由,5級,情報・伝達支援,県警FAX110番,,
身　体　障　がい　者　手　帳,肢体不自由,5級,情報・伝達支援,電話リレーサービス,,
身　体　障　がい　者　手　帳,肢体不自由,5級,情報・伝達支援,通常はがき（青い鳥はがき）の無償配布,,
身　体　障　がい　者　手　帳,肢体不自由,5級,情報・伝達支援,声の資源とごみの分け方・出し方（収集日程カレンダー含）の発行,,
身　体　障　がい　者　手　帳,肢体不自由,5級,社会参加支援,鉄道等運賃の割引,○,
身　体　障　がい　者　手　帳,肢体不自由,5級,社会参加支援,バス運賃の割引,○,
身　体　障　がい　者　手　帳,肢体不自由,5級,社会参加支援,国内航空運賃の割引,△,
身　体　障　がい　者　手　帳,肢体不自由,5級,社会参加支援,フェリー等運賃の割引,○,
身　体　障　がい　者　手　帳,肢体不自由,5級,社会参加支援,タクシー料金の割引,○,
身　体　障　がい　者　手　帳,肢体不自由,5級,社会参加支援,福祉タクシー利用助成,,
身　体　障　がい　者　手　帳,肢体不自由,5級,社会参加支援,有料道路通行料金の割引,△,
身　体　障　がい　者　手　帳,肢体不自由,5級,社会参加支援,公共自動車駐車場料金の減免(湘南台駅地下自動車駐車場),○,
身　体　障　がい　者　手　帳,肢体不自由,5級,社会参加支援,公共自動車駐車場料金の減免(奥田公園駐車場）,,
身　体　障　がい　者　手　帳,肢体不自由,5級,社会参加支援,市営有料自転車等駐車場利用料金の減免,○,
身　体　障　がい　者　手　帳,肢体不自由,5級,社会参加支援,駐車禁止除外指定,,
身　体　障　がい　者　手　帳,肢体不自由,5級,手当・年金等,障がい児福祉手当,,
身　体　障　がい　者　手　帳,肢体不自由,5級,手当・年金等,特別障がい者手当,,
身　体　障　がい　者　手　帳,肢体不自由,5級,手当・年金等,神奈川県在宅重度障がい者等手当,,
身　体　障　がい　者　手　帳,肢体不自由,5級,手当・年金等,藤沢市障がい者福祉手当,,
身　体　障　がい　者　手　帳,肢体不自由,5級,手当・年金等,藤沢市外国籍等障がい者福祉給付金,,
身　体　障　がい　者　手　帳,肢体不自由,5級,手当・年金等,藤沢市重度心身障がい者介護手当,,
身　体　障　がい　者　手　帳,肢体不自由,5級,手当・年金等,特別児童扶養手当,,
身　体　障　がい　者　手　帳,肢体不自由,5級,手当・年金等,児童扶養手当,,
身　体　障　がい　者　手　帳,肢体不自由,5級,手当・年金等,障がい厚生年金・障がい共済年金,△,
身　体　障　がい　者　手　帳,肢体不自由,5級,手当・年金等,障がい基礎年金,,
身　体　障　がい　者　手　帳,肢体不自由,5級,手当・年金等,特別障がい給付金,,
身　体　障　がい　者　手　帳,肢体不自由,5級,手当・年金等,心身障がい者扶養共済制度,,
身　体　障　がい　者　手　帳,肢体不自由,5級,手当・年金等,生活保護の障がい者加算,,
身　体　障　がい　者　手　帳,肢体不自由,5級,公共料金の割引・税金の控除,下水道使用料の減額,,
身　体　障　がい　者　手　帳,肢体不自由,5級,公共料金の割引・税金の控除,水道料金の減額,,
身　体　障　がい　者　手　帳,肢体不自由,5級,公共料金の割引・税金の控除,NHK放送受信料の免除（全額）,△,
身　体　障　がい　者　手　帳,肢体不自由,5級,公共料金の割引・税金の控除,NHK放送受信料の免除（半額）,,
身　体　障　がい　者　手　帳,肢体不自由,5級,公共料金の割引・税金の控除,NTT電話番号案内料の免除,,
身　体　障　がい　者　手　帳,肢体不自由,5級,公共料金の割引・税金の控除,携帯電話基本使用料等の割引,○,
身　体　障　がい　者　手　帳,肢体不自由,5級,公共料金の割引・税金の控除,所得税、市・県民税、相続税の障がい者控除および市・県民税非課税基準,○,
身　体　障　がい　者　手　帳,肢体不自由,5級,税金の控除,贈与税の非課税,,
身　体　障　がい　者　手　帳,肢体不自由,5級,税金の控除,個人事業税の非課税・減免,,
身　体　障　がい　者　手　帳,肢体不自由,5級,税金の控除,預貯金の利子非課税制度,○,
身　体　障　がい　者　手　帳,肢体不自由,5級,税金の控除,自動車税種別割・自動車税（軽自動車税）環境性能割の減免,△,
身　体　障　がい　者　手　帳,肢体不自由,5級,税金の控除,軽自動車税種別割の減免,△,
身　体　障　がい　者　手　帳,肢体不自由,5級,就労・雇用,藤沢公共職業安定所（ハローワーク藤沢）,○,
身　体　障　がい　者　手　帳,肢体不自由,5級,就労・雇用,神奈川県障害者職業能力開発校,○,
身　体　障　がい　者　手　帳,肢体不自由,5級,スポーツ・文化・レクリエーション,福祉バス「ともしび号」の運行,○,
身　体　障　がい　者　手　帳,肢体不自由,6級,医療,精神障がい者入院医療援護金,,
身　体　障　がい　者　手　帳,肢体不自由,6級,医療,特定健康診査・がん検診等の一部負担金の免除,,
身　体　障　がい　者　手　帳,肢体不自由,6級,補装具　他,補装具の購入・修理,△,
身　体　障　がい　者　手　帳,肢体不自由,6級,補装具　他,計画相談支援・障がい児相談支援,△,
身　体　障　がい　者　手　帳,肢体不自由,6級,補装具　他,介護給付費・訓練等給付費等の支給,○,
身　体　障　がい　者　手　帳,肢体不自由,6級,補装具　他,移動支援事業,,
身　体　障　がい　者　手　帳,肢体不自由,6級,補装具　他,重度身体障がい者訪問入浴サービス,△,
身　体　障　がい　者　手　帳,肢体不自由,6級,補装具　他,日中一時支援事業,,
身　体　障　がい　者　手　帳,肢体不自由,6級,補装具　他,日常生活用具の給付,△,
身　体　障　がい　者　手　帳,肢体不自由,6級,住宅,住宅設備改良費の助成①,,
身　体　障　がい　者　手　帳,肢体不自由,6級,住宅,住宅設備改良費の助成②,,
身　体　障　がい　者　手　帳,肢体不自由,6級,住宅,市営住宅の入居優遇,,
身　体　障　がい　者　手　帳,肢体不自由,6級,住宅,県営住宅の入居優遇,,
身　体　障　がい　者　手　帳,肢体不自由,6級,住宅,身体障がい者世帯向県営住宅,,
身　体　障　がい　者　手　帳,肢体不自由,6級,住宅,県営住宅家賃の減額,,
身　体　障　がい　者　手　帳,肢体不自由,6級,情報・伝達支援,点字・声の広報の発行,,
身　体　障　がい　者　手　帳,肢体不自由,6級,情報・伝達支援,点字・声の市議会だよりの発行,,
身　体　障　がい　者　手　帳,肢体不自由,6級,情報・伝達支援,点字・録音図書の製作と貸出,,
身　体　障　がい　者　手　帳,肢体不自由,6級,情報・伝達支援,手話・要約筆記者の設置・派遣,,
身　体　障　がい　者　手　帳,肢体不自由,6級,情報・伝達支援,FAX119番,,
身　体　障　がい　者　手　帳,肢体不自由,6級,情報・伝達支援,Eメール119番通報システム,,
身　体　障　がい　者　手　帳,肢体不自由,6級,情報・伝達支援,Net119緊急通報システム,,
身　体　障　がい　者　手　帳,肢体不自由,6級,情報・伝達支援,県警FAX110番,,
身　体　障　がい　者　手　帳,肢体不自由,6級,情報・伝達支援,電話リレーサービス,,
身　体　障　がい　者　手　帳,肢体不自由,6級,情報・伝達支援,通常はがき（青い鳥はがき）の無償配布,,
身　体　障　がい　者　手　帳,肢体不自由,6級,情報・伝達支援,声の資源とごみの分け方・出し方（収集日程カレンダー含）の発行,,
身　体　障　がい　者　手　帳,肢体不自由,6級,社会参加支援,鉄道等運賃の割引,○,
身　体　障　がい　者　手　帳,肢体不自由,6級,社会参加支援,バス運賃の割引,○,
身　体　障　がい　者　手　帳,肢体不自由,6級,社会参加支援,国内航空運賃の割引,△,
身　体　障　がい　者　手　帳,肢体不自由,6級,社会参加支援,フェリー等運賃の割引,○,
身　体　障　がい　者　手　帳,肢体不自由,6級,社会参加支援,タクシー料金の割引,○,
身　体　障　がい　者　手　帳,肢体不自由,6級,社会参加支援,福祉タクシー利用助成,,
身　体　障　がい　者　手　帳,肢体不自由,6級,社会参加支援,有料道路通行料金の割引,△,
身　体　障　がい　者　手　帳,肢体不自由,6級,社会参加支援,公共自動車駐車場料金の減免(湘南台駅地下自動車駐車場),○,
身　体　障　がい　者　手　帳,肢体不自由,6級,社会参加支援,公共自動車駐車場料金の減免(奥田公園駐車場）,,
身　体　障　がい　者　手　帳,肢体不自由,6級,社会参加支援,市営有料自転車等駐車場利用料金の減免,○,
身　体　障　がい　者　手　帳,肢体不自由,6級,社会参加支援,駐車禁止除外指定,,
身　体　障　がい　者　手　帳,肢体不自由,6級,手当・年金等,障がい児福祉手当,,
身　体　障　がい　者　手　帳,肢体不自由,6級,手当・年金等,特別障がい者手当,,
身　体　障　がい　者　手　帳,肢体不自由,6級,手当・年金等,神奈川県在宅重度障がい者等手当,,
身　体　障　がい　者　手　帳,肢体不自由,6級,手当・年金等,藤沢市障がい者福祉手当,,
身　体　障　がい　者　手　帳,肢体不自由,6級,手当・年金等,藤沢市外国籍等障がい者福祉給付金,,
身　体　障　がい　者　手　帳,肢体不自由,6級,手当・年金等,藤沢市重度心身障がい者介護手当,,
身　体　障　がい　者　手　帳,肢体不自由,6級,手当・年金等,特別児童扶養手当,,
身　体　障　がい　者　手　帳,肢体不自由,6級,手当・年金等,児童扶養手当,,
身　体　障　がい　者　手　帳,肢体不自由,6級,手当・年金等,障がい厚生年金・障がい共済年金,△,
身　体　障　がい　者　手　帳,肢体不自由,6級,手当・年金等,障がい基礎年金,,
身　体　障　がい　者　手　帳,肢体不自由,6級,手当・年金等,特別障がい給付金,,
身　体　障　がい　者　手　帳,肢体不自由,6級,手当・年金等,心身障がい者扶養共済制度,,
身　体　障　がい　者　手　帳,肢体不自由,6級,手当・年金等,生活保護の障がい者加算,,
身　体　障　がい　者　手　帳,肢体不自由,6級,公共料金の割引・税金の控除,下水道使用料の減額,,
身　体　障　がい　者　手　帳,肢体不自由,6級,公共料金の割引・税金の控除,水道料金の減額,,
身　体　障　がい　者　手　帳,肢体不自由,6級,公共料金の割引・税金の控除,NHK放送受信料の免除（全額）,△,
身　体　障　がい　者　手　帳,肢体不自由,6級,公共料金の割引・税金の控除,NHK放送受信料の免除（半額）,,
身　体　障　がい　者　手　帳,肢体不自由,6級,公共料金の割引・税金の控除,NTT電話番号案内料の免除,,
身　体　障　がい　者　手　帳,肢体不自由,6級,公共料金の割引・税金の控除,携帯電話基本使用料等の割引,○,
身　体　障　がい　者　手　帳,肢体不自由,6級,公共料金の割引・税金の控除,所得税、市・県民税、相続税の障がい者控除および市・県民税非課税基準,○,
身　体　障　がい　者　手　帳,肢体不自由,6級,税金の控除,贈与税の非課税,,
身　体　障　がい　者　手　帳,肢体不自由,6級,税金の控除,個人事業税の非課税・減免,,
身　体　障　がい　者　手　帳,肢体不自由,6級,税金の控除,預貯金の利子非課税制度,○,
身　体　障　がい　者　手　帳,肢体不自由,6級,税金の控除,自動車税種別割・自動車税（軽自動車税）環境性能割の減免,△,
身　体　障　がい　者　手　帳,肢体不自由,6級,税金の控除,軽自動車税種別割の減免,△,
身　体　障　がい　者　手　帳,肢体不自由,6級,就労・雇用,藤沢公共職業安定所（ハローワーク藤沢）,○,
身　体　障　がい　者　手　帳,肢体不自由,6級,就労・雇用,神奈川県障害者職業能力開発校,○,
身　体　障　がい　者　手　帳,肢体不自由,6級,スポーツ・文化・レクリエーション,福祉バス「ともしび号」の運行,○,
身　体　障　がい　者　手　帳,肢体不自由,7級,医療,精神障がい者入院医療援護金,,
身　体　障　がい　者　手　帳,肢体不自由,7級,医療,特定健康診査・がん検診等の一部負担金の免除,,
身　体　障　がい　者　手　帳,肢体不自由,7級,補装具　他,補装具の購入・修理,,
身　体　障　がい　者　手　帳,肢体不自由,7級,補装具　他,計画相談支援・障がい児相談支援,,
身　体　障　がい　者　手　帳,肢体不自由,7級,補装具　他,介護給付費・訓練等給付費等の支給,,
身　体　障　がい　者　手　帳,肢体不自由,7級,補装具　他,移動支援事業,,
身　体　障　がい　者　手　帳,肢体不自由,7級,補装具　他,重度身体障がい者訪問入浴サービス,△,
身　体　障　がい　者　手　帳,肢体不自由,7級,補装具　他,日中一時支援事業,,
身　体　障　がい　者　手　帳,肢体不自由,7級,補装具　他,日常生活用具の給付,,
身　体　障　がい　者　手　帳,肢体不自由,7級,住宅,住宅設備改良費の助成①,,
身　体　障　がい　者　手　帳,肢体不自由,7級,住宅,住宅設備改良費の助成②,,
身　体　障　がい　者　手　帳,肢体不自由,7級,住宅,市営住宅の入居優遇,,
身　体　障　がい　者　手　帳,肢体不自由,7級,住宅,県営住宅の入居優遇,,
身　体　障　がい　者　手　帳,肢体不自由,7級,住宅,身体障がい者世帯向県営住宅,,
身　体　障　がい　者　手　帳,肢体不自由,7級,住宅,県営住宅家賃の減額,,
身　体　障　がい　者　手　帳,肢体不自由,7級,情報・伝達支援,点字・声の広報の発行,,
身　体　障　がい　者　手　帳,肢体不自由,7級,情報・伝達支援,点字・声の市議会だよりの発行,,
身　体　障　がい　者　手　帳,肢体不自由,7級,情報・伝達支援,点字・録音図書の製作と貸出,,
身　体　障　がい　者　手　帳,肢体不自由,7級,情報・伝達支援,手話・要約筆記者の設置・派遣,,
身　体　障　がい　者　手　帳,肢体不自由,7級,情報・伝達支援,FAX119番,,
身　体　障　がい　者　手　帳,肢体不自由,7級,情報・伝達支援,Eメール119番通報システム,,
身　体　障　がい　者　手　帳,肢体不自由,7級,情報・伝達支援,Net119緊急通報システム,,
身　体　障　がい　者　手　帳,肢体不自由,7級,情報・伝達支援,県警FAX110番,,
身　体　障　がい　者　手　帳,肢体不自由,7級,情報・伝達支援,電話リレーサービス,,
身　体　障　がい　者　手　帳,肢体不自由,7級,情報・伝達支援,通常はがき（青い鳥はがき）の無償配布,,
身　体　障　がい　者　手　帳,肢体不自由,7級,情報・伝達支援,声の資源とごみの分け方・出し方（収集日程カレンダー含）の発行,,
身　体　障　がい　者　手　帳,肢体不自由,7級,社会参加支援,鉄道等運賃の割引,,
身　体　障　がい　者　手　帳,肢体不自由,7級,社会参加支援,バス運賃の割引,,
身　体　障　がい　者　手　帳,肢体不自由,7級,社会参加支援,国内航空運賃の割引,,
身　体　障　がい　者　手　帳,肢体不自由,7級,社会参加支援,フェリー等運賃の割引,,
身　体　障　がい　者　手　帳,肢体不自由,7級,社会参加支援,タクシー料金の割引,,
身　体　障　がい　者　手　帳,肢体不自由,7級,社会参加支援,福祉タクシー利用助成,,
身　体　障　がい　者　手　帳,肢体不自由,7級,社会参加支援,有料道路通行料金の割引,,
身　体　障　がい　者　手　帳,肢体不自由,7級,社会参加支援,公共自動車駐車場料金の減免(湘南台駅地下自動車駐車場),,
身　体　障　がい　者　手　帳,肢体不自由,7級,社会参加支援,公共自動車駐車場料金の減免(奥田公園駐車場）,,
身　体　障　がい　者　手　帳,肢体不自由,7級,社会参加支援,市営有料自転車等駐車場利用料金の減免,,
身　体　障　がい　者　手　帳,肢体不自由,7級,社会参加支援,駐車禁止除外指定,,
身　体　障　がい　者　手　帳,肢体不自由,7級,手当・年金等,障がい児福祉手当,,
身　体　障　がい　者　手　帳,肢体不自由,7級,手当・年金等,特別障がい者手当,,
身　体　障　がい　者　手　帳,肢体不自由,7級,手当・年金等,神奈川県在宅重度障がい者等手当,,
身　体　障　がい　者　手　帳,肢体不自由,7級,手当・年金等,藤沢市障がい者福祉手当,,
身　体　障　がい　者　手　帳,肢体不自由,7級,手当・年金等,藤沢市外国籍等障がい者福祉給付金,,
身　体　障　がい　者　手　帳,肢体不自由,7級,手当・年金等,藤沢市重度心身障がい者介護手当,,
身　体　障　がい　者　手　帳,肢体不自由,7級,手当・年金等,特別児童扶養手当,,
身　体　障　がい　者　手　帳,肢体不自由,7級,手当・年金等,児童扶養手当,,
身　体　障　がい　者　手　帳,肢体不自由,7級,手当・年金等,障がい厚生年金・障がい共済年金,,
身　体　障　がい　者　手　帳,肢体不自由,7級,手当・年金等,障がい基礎年金,,
身　体　障　がい　者　手　帳,肢体不自由,7級,手当・年金等,特別障がい給付金,,
身　体　障　がい　者　手　帳,肢体不自由,7級,手当・年金等,心身障がい者扶養共済制度,,
身　体　障　がい　者　手　帳,肢体不自由,7級,手当・年金等,生活保護の障がい者加算,,
身　体　障　がい　者　手　帳,肢体不自由,7級,公共料金の割引・税金の控除,下水道使用料の減額,,
身　体　障　がい　者　手　帳,肢体不自由,7級,公共料金の割引・税金の控除,水道料金の減額,,
身　体　障　がい　者　手　帳,肢体不自由,7級,公共料金の割引・税金の控除,NHK放送受信料の免除（全額）,,
身　体　障　がい　者　手　帳,肢体不自由,7級,公共料金の割引・税金の控除,NHK放送受信料の免除（半額）,,
身　体　障　がい　者　手　帳,肢体不自由,7級,公共料金の割引・税金の控除,NTT電話番号案内料の免除,,
身　体　障　がい　者　手　帳,肢体不自由,7級,公共料金の割引・税金の控除,携帯電話基本使用料等の割引,,
身　体　障　がい　者　手　帳,肢体不自由,7級,公共料金の割引・税金の控除,所得税、市・県民税、相続税の障がい者控除および市・県民税非課税基準,,
身　体　障　がい　者　手　帳,肢体不自由,7級,税金の控除,贈与税の非課税,,
身　体　障　がい　者　手　帳,肢体不自由,7級,税金の控除,個人事業税の非課税・減免,,
身　体　障　がい　者　手　帳,肢体不自由,7級,税金の控除,預貯金の利子非課税制度,,
身　体　障　がい　者　手　帳,肢体不自由,7級,税金の控除,自動車税種別割・自動車税（軽自動車税）環境性能割の減免,△,
身　体　障　がい　者　手　帳,肢体不自由,7級,税金の控除,軽自動車税種別割の減免,△,
身　体　障　がい　者　手　帳,肢体不自由,7級,就労・雇用,藤沢公共職業安定所（ハローワーク藤沢）,○,
身　体　障　がい　者　手　帳,肢体不自由,7級,就労・雇用,神奈川県障害者職業能力開発校,,
身　体　障　がい　者　手　帳,肢体不自由,7級,スポーツ・文化・レクリエーション,福祉バス「ともしび号」の運行,○,
身　体　障　がい　者　手　帳,内部障がい　　　　※,1級,医療,精神障がい者入院医療援護金,,
身　体　障　がい　者　手　帳,内部障がい　　　　※,1級,医療,特定健康診査・がん検診等の一部負担金の免除,○,
身　体　障　がい　者　手　帳,内部障がい　　　　※,1級,補装具　他,補装具の購入・修理,△,
身　体　障　がい　者　手　帳,内部障がい　　　　※,1級,補装具　他,計画相談支援・障がい児相談支援,△,
身　体　障　がい　者　手　帳,内部障がい　　　　※,1級,補装具　他,介護給付費・訓練等給付費等の支給,○,
身　体　障　がい　者　手　帳,内部障がい　　　　※,1級,補装具　他,移動支援事業,,
身　体　障　がい　者　手　帳,内部障がい　　　　※,1級,補装具　他,重度身体障がい者訪問入浴サービス,,
身　体　障　がい　者　手　帳,内部障がい　　　　※,1級,補装具　他,日中一時支援事業,△,
身　体　障　がい　者　手　帳,内部障がい　　　　※,1級,補装具　他,日常生活用具の給付,△,
身　体　障　がい　者　手　帳,内部障がい　　　　※,1級,住宅,住宅設備改良費の助成①,,
身　体　障　がい　者　手　帳,内部障がい　　　　※,1級,住宅,住宅設備改良費の助成②,△,
身　体　障　がい　者　手　帳,内部障がい　　　　※,1級,住宅,市営住宅の入居優遇,○,
身　体　障　がい　者　手　帳,内部障がい　　　　※,1級,住宅,県営住宅の入居優遇,○,
身　体　障　がい　者　手　帳,内部障がい　　　　※,1級,住宅,身体障がい者世帯向県営住宅,○,
身　体　障　がい　者　手　帳,内部障がい　　　　※,1級,住宅,県営住宅家賃の減額,○,
身　体　障　がい　者　手　帳,内部障がい　　　　※,1級,情報・伝達支援,点字・声の広報の発行,,
身　体　障　がい　者　手　帳,内部障がい　　　　※,1級,情報・伝達支援,点字・声の市議会だよりの発行,,
身　体　障　がい　者　手　帳,内部障がい　　　　※,1級,情報・伝達支援,点字・録音図書の製作と貸出,,
身　体　障　がい　者　手　帳,内部障がい　　　　※,1級,情報・伝達支援,手話・要約筆記者の設置・派遣,,
身　体　障　がい　者　手　帳,内部障がい　　　　※,1級,情報・伝達支援,FAX119番,,
身　体　障　がい　者　手　帳,内部障がい　　　　※,1級,情報・伝達支援,Eメール119番通報システム,,
身　体　障　がい　者　手　帳,内部障がい　　　　※,1級,情報・伝達支援,Net119緊急通報システム,,
身　体　障　がい　者　手　帳,内部障がい　　　　※,1級,情報・伝達支援,県警FAX110番,,
身　体　障　がい　者　手　帳,内部障がい　　　　※,1級,情報・伝達支援,電話リレーサービス,,
身　体　障　がい　者　手　帳,内部障がい　　　　※,1級,情報・伝達支援,通常はがき（青い鳥はがき）の無償配布,○,
身　体　障　がい　者　手　帳,内部障がい　　　　※,1級,情報・伝達支援,声の資源とごみの分け方・出し方（収集日程カレンダー含）の発行,,
身　体　障　がい　者　手　帳,内部障がい　　　　※,1級,社会参加支援,鉄道等運賃の割引,○,
身　体　障　がい　者　手　帳,内部障がい　　　　※,1級,社会参加支援,バス運賃の割引,○,
身　体　障　がい　者　手　帳,内部障がい　　　　※,1級,社会参加支援,国内航空運賃の割引,△,
身　体　障　がい　者　手　帳,内部障がい　　　　※,1級,社会参加支援,フェリー等運賃の割引,○,
身　体　障　がい　者　手　帳,内部障がい　　　　※,1級,社会参加支援,タクシー料金の割引,○,
身　体　障　がい　者　手　帳,内部障がい　　　　※,1級,社会参加支援,福祉タクシー利用助成,○,
身　体　障　がい　者　手　帳,内部障がい　　　　※,1級,社会参加支援,有料道路通行料金の割引,○,
身　体　障　がい　者　手　帳,内部障がい　　　　※,1級,社会参加支援,公共自動車駐車場料金の減免(湘南台駅地下自動車駐車場),○,
身　体　障　がい　者　手　帳,内部障がい　　　　※,1級,社会参加支援,公共自動車駐車場料金の減免(奥田公園駐車場）,○,
身　体　障　がい　者　手　帳,内部障がい　　　　※,1級,社会参加支援,市営有料自転車等駐車場利用料金の減免,○,
身　体　障　がい　者　手　帳,内部障がい　　　　※,1級,社会参加支援,駐車禁止除外指定,△,
身　体　障　がい　者　手　帳,内部障がい　　　　※,1級,手当・年金等,障がい児福祉手当,△,
身　体　障　がい　者　手　帳,内部障がい　　　　※,1級,手当・年金等,特別障がい者手当,△,
身　体　障　がい　者　手　帳,内部障がい　　　　※,1級,手当・年金等,神奈川県在宅重度障がい者等手当,△,
身　体　障　がい　者　手　帳,内部障がい　　　　※,1級,手当・年金等,藤沢市障がい者福祉手当,△,
身　体　障　がい　者　手　帳,内部障がい　　　　※,1級,手当・年金等,藤沢市外国籍等障がい者福祉給付金,△,
身　体　障　がい　者　手　帳,内部障がい　　　　※,1級,手当・年金等,藤沢市重度心身障がい者介護手当,△,
身　体　障　がい　者　手　帳,内部障がい　　　　※,1級,手当・年金等,特別児童扶養手当,△,
身　体　障　がい　者　手　帳,内部障がい　　　　※,1級,手当・年金等,児童扶養手当,△,
身　体　障　がい　者　手　帳,内部障がい　　　　※,1級,手当・年金等,障がい厚生年金・障がい共済年金,○,
身　体　障　がい　者　手　帳,内部障がい　　　　※,1級,手当・年金等,障がい基礎年金,△,
身　体　障　がい　者　手　帳,内部障がい　　　　※,1級,手当・年金等,特別障がい給付金,△,
身　体　障　がい　者　手　帳,内部障がい　　　　※,1級,手当・年金等,心身障がい者扶養共済制度,○,
身　体　障　がい　者　手　帳,内部障がい　　　　※,1級,手当・年金等,生活保護の障がい者加算,○,
身　体　障　がい　者　手　帳,内部障がい　　　　※,1級,公共料金の割引・税金の控除,下水道使用料の減額,○,
身　体　障　がい　者　手　帳,内部障がい　　　　※,1級,公共料金の割引・税金の控除,水道料金の減額,○,
身　体　障　がい　者　手　帳,内部障がい　　　　※,1級,公共料金の割引・税金の控除,NHK放送受信料の免除（全額）,△,
身　体　障　がい　者　手　帳,内部障がい　　　　※,1級,公共料金の割引・税金の控除,NHK放送受信料の免除（半額）,△,
身　体　障　がい　者　手　帳,内部障がい　　　　※,1級,公共料金の割引・税金の控除,NTT電話番号案内料の免除,,
身　体　障　がい　者　手　帳,内部障がい　　　　※,1級,公共料金の割引・税金の控除,携帯電話基本使用料等の割引,○,
身　体　障　がい　者　手　帳,内部障がい　　　　※,1級,公共料金の割引・税金の控除,所得税、市・県民税、相続税の障がい者控除および市・県民税非課税基準,○,
身　体　障　がい　者　手　帳,内部障がい　　　　※,1級,税金の控除,贈与税の非課税,○,
身　体　障　がい　者　手　帳,内部障がい　　　　※,1級,税金の控除,個人事業税の非課税・減免,○,
身　体　障　がい　者　手　帳,内部障がい　　　　※,1級,税金の控除,預貯金の利子非課税制度,○,
身　体　障　がい　者　手　帳,内部障がい　　　　※,1級,税金の控除,自動車税種別割・自動車税（軽自動車税）環境性能割の減免,○,
身　体　障　がい　者　手　帳,内部障がい　　　　※,1級,税金の控除,軽自動車税種別割の減免,○,
身　体　障　がい　者　手　帳,内部障がい　　　　※,1級,就労・雇用,藤沢公共職業安定所（ハローワーク藤沢）,○,
身　体　障　がい　者　手　帳,内部障がい　　　　※,1級,就労・雇用,神奈川県障害者職業能力開発校,○,
身　体　障　がい　者　手　帳,内部障がい　　　　※,1級,スポーツ・文化・レクリエーション,福祉バス「ともしび号」の運行,○,
身　体　障　がい　者　手　帳,内部障がい　　　　※,2級,医療,精神障がい者入院医療援護金,,
身　体　障　がい　者　手　帳,内部障がい　　　　※,2級,医療,特定健康診査・がん検診等の一部負担金の免除,○,
身　体　障　がい　者　手　帳,内部障がい　　　　※,2級,補装具　他,補装具の購入・修理,△,
身　体　障　がい　者　手　帳,内部障がい　　　　※,2級,補装具　他,計画相談支援・障がい児相談支援,△,
身　体　障　がい　者　手　帳,内部障がい　　　　※,2級,補装具　他,介護給付費・訓練等給付費等の支給,○,
身　体　障　がい　者　手　帳,内部障がい　　　　※,2級,補装具　他,移動支援事業,,
身　体　障　がい　者　手　帳,内部障がい　　　　※,2級,補装具　他,重度身体障がい者訪問入浴サービス,,
身　体　障　がい　者　手　帳,内部障がい　　　　※,2級,補装具　他,日中一時支援事業,△,
身　体　障　がい　者　手　帳,内部障がい　　　　※,2級,補装具　他,日常生活用具の給付,,
身　体　障　がい　者　手　帳,内部障がい　　　　※,2級,住宅,住宅設備改良費の助成①,,
身　体　障　がい　者　手　帳,内部障がい　　　　※,2級,住宅,住宅設備改良費の助成②,△,
身　体　障　がい　者　手　帳,内部障がい　　　　※,2級,住宅,市営住宅の入居優遇,○,
身　体　障　がい　者　手　帳,内部障がい　　　　※,2級,住宅,県営住宅の入居優遇,○,
身　体　障　がい　者　手　帳,内部障がい　　　　※,2級,住宅,身体障がい者世帯向県営住宅,○,
身　体　障　がい　者　手　帳,内部障がい　　　　※,2級,住宅,県営住宅家賃の減額,○,
身　体　障　がい　者　手　帳,内部障がい　　　　※,2級,情報・伝達支援,点字・声の広報の発行,,
身　体　障　がい　者　手　帳,内部障がい　　　　※,2級,情報・伝達支援,点字・声の市議会だよりの発行,,
身　体　障　がい　者　手　帳,内部障がい　　　　※,2級,情報・伝達支援,点字・録音図書の製作と貸出,,
身　体　障　がい　者　手　帳,内部障がい　　　　※,2級,情報・伝達支援,手話・要約筆記者の設置・派遣,,
身　体　障　がい　者　手　帳,内部障がい　　　　※,2級,情報・伝達支援,FAX119番,,
身　体　障　がい　者　手　帳,内部障がい　　　　※,2級,情報・伝達支援,Eメール119番通報システム,,
身　体　障　がい　者　手　帳,内部障がい　　　　※,2級,情報・伝達支援,Net119緊急通報システム,,
身　体　障　がい　者　手　帳,内部障がい　　　　※,2級,情報・伝達支援,県警FAX110番,,
身　体　障　がい　者　手　帳,内部障がい　　　　※,2級,情報・伝達支援,電話リレーサービス,,
身　体　障　がい　者　手　帳,内部障がい　　　　※,2級,情報・伝達支援,通常はがき（青い鳥はがき）の無償配布,○,
身　体　障　がい　者　手　帳,内部障がい　　　　※,2級,情報・伝達支援,声の資源とごみの分け方・出し方（収集日程カレンダー含）の発行,,
身　体　障　がい　者　手　帳,内部障がい　　　　※,2級,社会参加支援,鉄道等運賃の割引,○,
身　体　障　がい　者　手　帳,内部障がい　　　　※,2級,社会参加支援,バス運賃の割引,○,
身　体　障　がい　者　手　帳,内部障がい　　　　※,2級,社会参加支援,国内航空運賃の割引,△,
身　体　障　がい　者　手　帳,内部障がい　　　　※,2級,社会参加支援,フェリー等運賃の割引,○,
身　体　障　がい　者　手　帳,内部障がい　　　　※,2級,社会参加支援,タクシー料金の割引,○,
身　体　障　がい　者　手　帳,内部障がい　　　　※,2級,社会参加支援,福祉タクシー利用助成,△,
身　体　障　がい　者　手　帳,内部障がい　　　　※,2級,社会参加支援,有料道路通行料金の割引,○,
身　体　障　がい　者　手　帳,内部障がい　　　　※,2級,社会参加支援,公共自動車駐車場料金の減免(湘南台駅地下自動車駐車場),○,
身　体　障　がい　者　手　帳,内部障がい　　　　※,2級,社会参加支援,公共自動車駐車場料金の減免(奥田公園駐車場）,○,
身　体　障　がい　者　手　帳,内部障がい　　　　※,2級,社会参加支援,市営有料自転車等駐車場利用料金の減免,○,
身　体　障　がい　者　手　帳,内部障がい　　　　※,2級,社会参加支援,駐車禁止除外指定,△,
身　体　障　がい　者　手　帳,内部障がい　　　　※,2級,手当・年金等,障がい児福祉手当,△,
身　体　障　がい　者　手　帳,内部障がい　　　　※,2級,手当・年金等,特別障がい者手当,△,
身　体　障　がい　者　手　帳,内部障がい　　　　※,2級,手当・年金等,神奈川県在宅重度障がい者等手当,△,
身　体　障　がい　者　手　帳,内部障がい　　　　※,2級,手当・年金等,藤沢市障がい者福祉手当,△,
身　体　障　がい　者　手　帳,内部障がい　　　　※,2級,手当・年金等,藤沢市外国籍等障がい者福祉給付金,△,
身　体　障　がい　者　手　帳,内部障がい　　　　※,2級,手当・年金等,藤沢市重度心身障がい者介護手当,△,
身　体　障　がい　者　手　帳,内部障がい　　　　※,2級,手当・年金等,特別児童扶養手当,△,
身　体　障　がい　者　手　帳,内部障がい　　　　※,2級,手当・年金等,児童扶養手当,△,
身　体　障　がい　者　手　帳,内部障がい　　　　※,2級,手当・年金等,障がい厚生年金・障がい共済年金,△,
身　体　障　がい　者　手　帳,内部障がい　　　　※,2級,手当・年金等,障がい基礎年金,△,
身　体　障　がい　者　手　帳,内部障がい　　　　※,2級,手当・年金等,特別障がい給付金,△,
身　体　障　がい　者　手　帳,内部障がい　　　　※,2級,手当・年金等,心身障がい者扶養共済制度,○,
身　体　障　がい　者　手　帳,内部障がい　　　　※,2級,手当・年金等,生活保護の障がい者加算,○,
身　体　障　がい　者　手　帳,内部障がい　　　　※,2級,公共料金の割引・税金の控除,下水道使用料の減額,○,
身　体　障　がい　者　手　帳,内部障がい　　　　※,2級,公共料金の割引・税金の控除,水道料金の減額,○,
身　体　障　がい　者　手　帳,内部障がい　　　　※,2級,公共料金の割引・税金の控除,NHK放送受信料の免除（全額）,△,
身　体　障　がい　者　手　帳,内部障がい　　　　※,2級,公共料金の割引・税金の控除,NHK放送受信料の免除（半額）,△,
身　体　障　がい　者　手　帳,内部障がい　　　　※,2級,公共料金の割引・税金の控除,NTT電話番号案内料の免除,,
身　体　障　がい　者　手　帳,内部障がい　　　　※,2級,公共料金の割引・税金の控除,携帯電話基本使用料等の割引,○,
身　体　障　がい　者　手　帳,内部障がい　　　　※,2級,公共料金の割引・税金の控除,所得税、市・県民税、相続税の障がい者控除および市・県民税非課税基準,○,
身　体　障　がい　者　手　帳,内部障がい　　　　※,2級,税金の控除,贈与税の非課税,○,
身　体　障　がい　者　手　帳,内部障がい　　　　※,2級,税金の控除,個人事業税の非課税・減免,○,
身　体　障　がい　者　手　帳,内部障がい　　　　※,2級,税金の控除,預貯金の利子非課税制度,○,
身　体　障　がい　者　手　帳,内部障がい　　　　※,2級,税金の控除,自動車税種別割・自動車税（軽自動車税）環境性能割の減免,○,
身　体　障　がい　者　手　帳,内部障がい　　　　※,2級,税金の控除,軽自動車税種別割の減免,△,
身　体　障　がい　者　手　帳,内部障がい　　　　※,2級,就労・雇用,藤沢公共職業安定所（ハローワーク藤沢）,○,
身　体　障　がい　者　手　帳,内部障がい　　　　※,2級,就労・雇用,神奈川県障害者職業能力開発校,○,
身　体　障　がい　者　手　帳,内部障がい　　　　※,2級,スポーツ・文化・レクリエーション,福祉バス「ともしび号」の運行,○,
身　体　障　がい　者　手　帳,内部障がい　　　　※,3級,医療,精神障がい者入院医療援護金,,
身　体　障　がい　者　手　帳,内部障がい　　　　※,3級,医療,特定健康診査・がん検診等の一部負担金の免除,○,
身　体　障　がい　者　手　帳,内部障がい　　　　※,3級,補装具　他,補装具の購入・修理,△,
身　体　障　がい　者　手　帳,内部障がい　　　　※,3級,補装具　他,計画相談支援・障がい児相談支援,△,
身　体　障　がい　者　手　帳,内部障がい　　　　※,3級,補装具　他,介護給付費・訓練等給付費等の支給,○,
身　体　障　がい　者　手　帳,内部障がい　　　　※,3級,補装具　他,移動支援事業,,
身　体　障　がい　者　手　帳,内部障がい　　　　※,3級,補装具　他,重度身体障がい者訪問入浴サービス,,
身　体　障　がい　者　手　帳,内部障がい　　　　※,3級,補装具　他,日中一時支援事業,,
身　体　障　がい　者　手　帳,内部障がい　　　　※,3級,補装具　他,日常生活用具の給付,△,
身　体　障　がい　者　手　帳,内部障がい　　　　※,3級,住宅,住宅設備改良費の助成①,,
身　体　障　がい　者　手　帳,内部障がい　　　　※,3級,住宅,住宅設備改良費の助成②,△,
身　体　障　がい　者　手　帳,内部障がい　　　　※,3級,住宅,市営住宅の入居優遇,○,
身　体　障　がい　者　手　帳,内部障がい　　　　※,3級,住宅,県営住宅の入居優遇,○,
身　体　障　がい　者　手　帳,内部障がい　　　　※,3級,住宅,身体障がい者世帯向県営住宅,○,
身　体　障　がい　者　手　帳,内部障がい　　　　※,3級,住宅,県営住宅家賃の減額,○,
身　体　障　がい　者　手　帳,内部障がい　　　　※,3級,情報・伝達支援,点字・声の広報の発行,,
身　体　障　がい　者　手　帳,内部障がい　　　　※,3級,情報・伝達支援,点字・声の市議会だよりの発行,,
身　体　障　がい　者　手　帳,内部障がい　　　　※,3級,情報・伝達支援,点字・録音図書の製作と貸出,,
身　体　障　がい　者　手　帳,内部障がい　　　　※,3級,情報・伝達支援,手話・要約筆記者の設置・派遣,,
身　体　障　がい　者　手　帳,内部障がい　　　　※,3級,情報・伝達支援,FAX119番,,
身　体　障　がい　者　手　帳,内部障がい　　　　※,3級,情報・伝達支援,Eメール119番通報システム,,
身　体　障　がい　者　手　帳,内部障がい　　　　※,3級,情報・伝達支援,Net119緊急通報システム,,
身　体　障　がい　者　手　帳,内部障がい　　　　※,3級,情報・伝達支援,県警FAX110番,,
身　体　障　がい　者　手　帳,内部障がい　　　　※,3級,情報・伝達支援,電話リレーサービス,,
身　体　障　がい　者　手　帳,内部障がい　　　　※,3級,情報・伝達支援,通常はがき（青い鳥はがき）の無償配布,,
身　体　障　がい　者　手　帳,内部障がい　　　　※,3級,情報・伝達支援,声の資源とごみの分け方・出し方（収集日程カレンダー含）の発行,,
身　体　障　がい　者　手　帳,内部障がい　　　　※,3級,社会参加支援,鉄道等運賃の割引,○,
身　体　障　がい　者　手　帳,内部障がい　　　　※,3級,社会参加支援,バス運賃の割引,○,
身　体　障　がい　者　手　帳,内部障がい　　　　※,3級,社会参加支援,国内航空運賃の割引,△,
身　体　障　がい　者　手　帳,内部障がい　　　　※,3級,社会参加支援,フェリー等運賃の割引,○,
身　体　障　がい　者　手　帳,内部障がい　　　　※,3級,社会参加支援,タクシー料金の割引,○,
身　体　障　がい　者　手　帳,内部障がい　　　　※,3級,社会参加支援,福祉タクシー利用助成,△,
身　体　障　がい　者　手　帳,内部障がい　　　　※,3級,社会参加支援,有料道路通行料金の割引,○,
身　体　障　がい　者　手　帳,内部障がい　　　　※,3級,社会参加支援,公共自動車駐車場料金の減免(湘南台駅地下自動車駐車場),○,
身　体　障　がい　者　手　帳,内部障がい　　　　※,3級,社会参加支援,公共自動車駐車場料金の減免(奥田公園駐車場）,○,
身　体　障　がい　者　手　帳,内部障がい　　　　※,3級,社会参加支援,市営有料自転車等駐車場利用料金の減免,○,
身　体　障　がい　者　手　帳,内部障がい　　　　※,3級,社会参加支援,駐車禁止除外指定,△,
身　体　障　がい　者　手　帳,内部障がい　　　　※,3級,手当・年金等,障がい児福祉手当,,
身　体　障　がい　者　手　帳,内部障がい　　　　※,3級,手当・年金等,特別障がい者手当,,
身　体　障　がい　者　手　帳,内部障がい　　　　※,3級,手当・年金等,神奈川県在宅重度障がい者等手当,△,
身　体　障　がい　者　手　帳,内部障がい　　　　※,3級,手当・年金等,藤沢市障がい者福祉手当,△,
身　体　障　がい　者　手　帳,内部障がい　　　　※,3級,手当・年金等,藤沢市外国籍等障がい者福祉給付金,△,
身　体　障　がい　者　手　帳,内部障がい　　　　※,3級,手当・年金等,藤沢市重度心身障がい者介護手当,,
身　体　障　がい　者　手　帳,内部障がい　　　　※,3級,手当・年金等,特別児童扶養手当,△,
身　体　障　がい　者　手　帳,内部障がい　　　　※,3級,手当・年金等,児童扶養手当,,
身　体　障　がい　者　手　帳,内部障がい　　　　※,3級,手当・年金等,障がい厚生年金・障がい共済年金,△,
身　体　障　がい　者　手　帳,内部障がい　　　　※,3級,手当・年金等,障がい基礎年金,△,
身　体　障　がい　者　手　帳,内部障がい　　　　※,3級,手当・年金等,特別障がい給付金,△,
身　体　障　がい　者　手　帳,内部障がい　　　　※,3級,手当・年金等,心身障がい者扶養共済制度,○,
身　体　障　がい　者　手　帳,内部障がい　　　　※,3級,手当・年金等,生活保護の障がい者加算,○,
身　体　障　がい　者　手　帳,内部障がい　　　　※,3級,公共料金の割引・税金の控除,下水道使用料の減額,○,
身　体　障　がい　者　手　帳,内部障がい　　　　※,3級,公共料金の割引・税金の控除,水道料金の減額,△,
身　体　障　がい　者　手　帳,内部障がい　　　　※,3級,公共料金の割引・税金の控除,NHK放送受信料の免除（全額）,△,
身　体　障　がい　者　手　帳,内部障がい　　　　※,3級,公共料金の割引・税金の控除,NHK放送受信料の免除（半額）,,
身　体　障　がい　者　手　帳,内部障がい　　　　※,3級,公共料金の割引・税金の控除,NTT電話番号案内料の免除,,
身　体　障　がい　者　手　帳,内部障がい　　　　※,3級,公共料金の割引・税金の控除,携帯電話基本使用料等の割引,○,
身　体　障　がい　者　手　帳,内部障がい　　　　※,3級,公共料金の割引・税金の控除,所得税、市・県民税、相続税の障がい者控除および市・県民税非課税基準,○,
身　体　障　がい　者　手　帳,内部障がい　　　　※,3級,税金の控除,贈与税の非課税,,
身　体　障　がい　者　手　帳,内部障がい　　　　※,3級,税金の控除,個人事業税の非課税・減免,○,
身　体　障　がい　者　手　帳,内部障がい　　　　※,3級,税金の控除,預貯金の利子非課税制度,○,
身　体　障　がい　者　手　帳,内部障がい　　　　※,3級,税金の控除,自動車税種別割・自動車税（軽自動車税）環境性能割の減免,○,
身　体　障　がい　者　手　帳,内部障がい　　　　※,3級,税金の控除,軽自動車税種別割の減免,○,
身　体　障　がい　者　手　帳,内部障がい　　　　※,3級,就労・雇用,藤沢公共職業安定所（ハローワーク藤沢）,○,
身　体　障　がい　者　手　帳,内部障がい　　　　※,3級,就労・雇用,神奈川県障害者職業能力開発校,○,
身　体　障　がい　者　手　帳,内部障がい　　　　※,3級,スポーツ・文化・レクリエーション,福祉バス「ともしび号」の運行,○,
身　体　障　がい　者　手　帳,内部障がい　　　　※,4級,医療,精神障がい者入院医療援護金,,
身　体　障　がい　者　手　帳,内部障がい　　　　※,4級,医療,特定健康診査・がん検診等の一部負担金の免除,,
身　体　障　がい　者　手　帳,内部障がい　　　　※,4級,補装具　他,補装具の購入・修理,△,
身　体　障　がい　者　手　帳,内部障がい　　　　※,4級,補装具　他,計画相談支援・障がい児相談支援,△,
身　体　障　がい　者　手　帳,内部障がい　　　　※,4級,補装具　他,介護給付費・訓練等給付費等の支給,○,
身　体　障　がい　者　手　帳,内部障がい　　　　※,4級,補装具　他,移動支援事業,,
身　体　障　がい　者　手　帳,内部障がい　　　　※,4級,補装具　他,重度身体障がい者訪問入浴サービス,,
身　体　障　がい　者　手　帳,内部障がい　　　　※,4級,補装具　他,日中一時支援事業,,
身　体　障　がい　者　手　帳,内部障がい　　　　※,4級,補装具　他,日常生活用具の給付,△,
身　体　障　がい　者　手　帳,内部障がい　　　　※,4級,住宅,住宅設備改良費の助成①,,
身　体　障　がい　者　手　帳,内部障がい　　　　※,4級,住宅,住宅設備改良費の助成②,,
身　体　障　がい　者　手　帳,内部障がい　　　　※,4級,住宅,市営住宅の入居優遇,○,
身　体　障　がい　者　手　帳,内部障がい　　　　※,4級,住宅,県営住宅の入居優遇,○,
身　体　障　がい　者　手　帳,内部障がい　　　　※,4級,住宅,身体障がい者世帯向県営住宅,○,
身　体　障　がい　者　手　帳,内部障がい　　　　※,4級,住宅,県営住宅家賃の減額,○,
身　体　障　がい　者　手　帳,内部障がい　　　　※,4級,情報・伝達支援,点字・声の広報の発行,,
身　体　障　がい　者　手　帳,内部障がい　　　　※,4級,情報・伝達支援,点字・声の市議会だよりの発行,,
身　体　障　がい　者　手　帳,内部障がい　　　　※,4級,情報・伝達支援,点字・録音図書の製作と貸出,,
身　体　障　がい　者　手　帳,内部障がい　　　　※,4級,情報・伝達支援,手話・要約筆記者の設置・派遣,,
身　体　障　がい　者　手　帳,内部障がい　　　　※,4級,情報・伝達支援,FAX119番,,
身　体　障　がい　者　手　帳,内部障がい　　　　※,4級,情報・伝達支援,Eメール119番通報システム,,
身　体　障　がい　者　手　帳,内部障がい　　　　※,4級,情報・伝達支援,Net119緊急通報システム,,
身　体　障　がい　者　手　帳,内部障がい　　　　※,4級,情報・伝達支援,県警FAX110番,,
身　体　障　がい　者　手　帳,内部障がい　　　　※,4級,情報・伝達支援,電話リレーサービス,,
身　体　障　がい　者　手　帳,内部障がい　　　　※,4級,情報・伝達支援,通常はがき（青い鳥はがき）の無償配布,,
身　体　障　がい　者　手　帳,内部障がい　　　　※,4級,情報・伝達支援,声の資源とごみの分け方・出し方（収集日程カレンダー含）の発行,,
身　体　障　がい　者　手　帳,内部障がい　　　　※,4級,社会参加支援,鉄道等運賃の割引,○,
身　体　障　がい　者　手　帳,内部障がい　　　　※,4級,社会参加支援,バス運賃の割引,○,
身　体　障　がい　者　手　帳,内部障がい　　　　※,4級,社会参加支援,国内航空運賃の割引,△,
身　体　障　がい　者　手　帳,内部障がい　　　　※,4級,社会参加支援,フェリー等運賃の割引,○,
身　体　障　がい　者　手　帳,内部障がい　　　　※,4級,社会参加支援,タクシー料金の割引,○,
身　体　障　がい　者　手　帳,内部障がい　　　　※,4級,社会参加支援,福祉タクシー利用助成,,
身　体　障　がい　者　手　帳,内部障がい　　　　※,4級,社会参加支援,有料道路通行料金の割引,△,
身　体　障　がい　者　手　帳,内部障がい　　　　※,4級,社会参加支援,公共自動車駐車場料金の減免(湘南台駅地下自動車駐車場),○,
身　体　障　がい　者　手　帳,内部障がい　　　　※,4級,社会参加支援,公共自動車駐車場料金の減免(奥田公園駐車場）,,
身　体　障　がい　者　手　帳,内部障がい　　　　※,4級,社会参加支援,市営有料自転車等駐車場利用料金の減免,○,
身　体　障　がい　者　手　帳,内部障がい　　　　※,4級,社会参加支援,駐車禁止除外指定,,
身　体　障　がい　者　手　帳,内部障がい　　　　※,4級,手当・年金等,障がい児福祉手当,,
身　体　障　がい　者　手　帳,内部障がい　　　　※,4級,手当・年金等,特別障がい者手当,,
身　体　障　がい　者　手　帳,内部障がい　　　　※,4級,手当・年金等,神奈川県在宅重度障がい者等手当,,
身　体　障　がい　者　手　帳,内部障がい　　　　※,4級,手当・年金等,藤沢市障がい者福祉手当,,
身　体　障　がい　者　手　帳,内部障がい　　　　※,4級,手当・年金等,藤沢市外国籍等障がい者福祉給付金,,
身　体　障　がい　者　手　帳,内部障がい　　　　※,4級,手当・年金等,藤沢市重度心身障がい者介護手当,,
身　体　障　がい　者　手　帳,内部障がい　　　　※,4級,手当・年金等,特別児童扶養手当,,
身　体　障　がい　者　手　帳,内部障がい　　　　※,4級,手当・年金等,児童扶養手当,,
身　体　障　がい　者　手　帳,内部障がい　　　　※,4級,手当・年金等,障がい厚生年金・障がい共済年金,△,
身　体　障　がい　者　手　帳,内部障がい　　　　※,4級,手当・年金等,障がい基礎年金,,
身　体　障　がい　者　手　帳,内部障がい　　　　※,4級,手当・年金等,特別障がい給付金,,
身　体　障　がい　者　手　帳,内部障がい　　　　※,4級,手当・年金等,心身障がい者扶養共済制度,,
身　体　障　がい　者　手　帳,内部障がい　　　　※,4級,手当・年金等,生活保護の障がい者加算,,
身　体　障　がい　者　手　帳,内部障がい　　　　※,4級,公共料金の割引・税金の控除,下水道使用料の減額,,
身　体　障　がい　者　手　帳,内部障がい　　　　※,4級,公共料金の割引・税金の控除,水道料金の減額,,
身　体　障　がい　者　手　帳,内部障がい　　　　※,4級,公共料金の割引・税金の控除,NHK放送受信料の免除（全額）,△,
身　体　障　がい　者　手　帳,内部障がい　　　　※,4級,公共料金の割引・税金の控除,NHK放送受信料の免除（半額）,,
身　体　障　がい　者　手　帳,内部障がい　　　　※,4級,公共料金の割引・税金の控除,NTT電話番号案内料の免除,,
身　体　障　がい　者　手　帳,内部障がい　　　　※,4級,公共料金の割引・税金の控除,携帯電話基本使用料等の割引,○,
身　体　障　がい　者　手　帳,内部障がい　　　　※,4級,公共料金の割引・税金の控除,所得税、市・県民税、相続税の障がい者控除および市・県民税非課税基準,○,
身　体　障　がい　者　手　帳,内部障がい　　　　※,4級,税金の控除,贈与税の非課税,,
身　体　障　がい　者　手　帳,内部障がい　　　　※,4級,税金の控除,個人事業税の非課税・減免,○,
身　体　障　がい　者　手　帳,内部障がい　　　　※,4級,税金の控除,預貯金の利子非課税制度,○,
身　体　障　がい　者　手　帳,内部障がい　　　　※,4級,税金の控除,自動車税種別割・自動車税（軽自動車税）環境性能割の減免,○,
身　体　障　がい　者　手　帳,内部障がい　　　　※,4級,税金の控除,軽自動車税種別割の減免,○,
身　体　障　がい　者　手　帳,内部障がい　　　　※,4級,就労・雇用,藤沢公共職業安定所（ハローワーク藤沢）,○,
身　体　障　がい　者　手　帳,内部障がい　　　　※,4級,就労・雇用,神奈川県障害者職業能力開発校,○,
身　体　障　がい　者　手　帳,内部障がい　　　　※,4級,スポーツ・文化・レクリエーション,福祉バス「ともしび号」の運行,○,
療育手帳,療育手帳,A1,医療,精神障がい者入院医療援護金,,
療育手帳,療育手帳,A1,医療,特定健康診査・がん検診等の一部負担金の免除,○,
療育手帳,療育手帳,A1,補装具　他,補装具の購入・修理,,
療育手帳,療育手帳,A1,補装具　他,計画相談支援・障がい児相談支援,△,
療育手帳,療育手帳,A1,補装具　他,介護給付費・訓練等給付費等の支給,○,
療育手帳,療育手帳,A1,補装具　他,移動支援事業,○,
療育手帳,療育手帳,A1,補装具　他,重度身体障がい者訪問入浴サービス,,
療育手帳,療育手帳,A1,補装具　他,日中一時支援事業,,
療育手帳,療育手帳,A1,補装具　他,日常生活用具の給付,△,
療育手帳,療育手帳,A1,住宅,住宅設備改良費の助成①,,
療育手帳,療育手帳,A1,住宅,住宅設備改良費の助成②,△,
療育手帳,療育手帳,A1,住宅,市営住宅の入居優遇,○,
療育手帳,療育手帳,A1,住宅,県営住宅の入居優遇,○,
療育手帳,療育手帳,A1,住宅,身体障がい者世帯向県営住宅,,
療育手帳,療育手帳,A1,住宅,県営住宅家賃の減額,○,
療育手帳,療育手帳,A1,情報・伝達支援,点字・声の広報の発行,,
療育手帳,療育手帳,A1,情報・伝達支援,点字・声の市議会だよりの発行,,
療育手帳,療育手帳,A1,情報・伝達支援,点字・録音図書の製作と貸出,,
療育手帳,療育手帳,A1,情報・伝達支援,手話・要約筆記者の設置・派遣,,
療育手帳,療育手帳,A1,情報・伝達支援,FAX119番,,
療育手帳,療育手帳,A1,情報・伝達支援,Eメール119番通報システム,,
療育手帳,療育手帳,A1,情報・伝達支援,Net119緊急通報システム,,
療育手帳,療育手帳,A1,情報・伝達支援,県警FAX110番,,
療育手帳,療育手帳,A1,情報・伝達支援,電話リレーサービス,,
療育手帳,療育手帳,A1,情報・伝達支援,通常はがき（青い鳥はがき）の無償配布,○,
療育手帳,療育手帳,A1,情報・伝達支援,声の資源とごみの分け方・出し方（収集日程カレンダー含）の発行,,
療育手帳,療育手帳,A1,社会参加支援,鉄道等運賃の割引,○,
療育手帳,療育手帳,A1,社会参加支援,バス運賃の割引,○,
療育手帳,療育手帳,A1,社会参加支援,国内航空運賃の割引,△,
療育手帳,療育手帳,A1,社会参加支援,フェリー等運賃の割引,○,
療育手帳,療育手帳,A1,社会参加支援,タクシー料金の割引,○,
療育手帳,療育手帳,A1,社会参加支援,福祉タクシー利用助成,○,
療育手帳,療育手帳,A1,社会参加支援,有料道路通行料金の割引,○,
療育手帳,療育手帳,A1,社会参加支援,公共自動車駐車場料金の減免(湘南台駅地下自動車駐車場),○,
療育手帳,療育手帳,A1,社会参加支援,公共自動車駐車場料金の減免(奥田公園駐車場）,○,
療育手帳,療育手帳,A1,社会参加支援,市営有料自転車等駐車場利用料金の減免,○,
療育手帳,療育手帳,A1,社会参加支援,駐車禁止除外指定,○,
療育手帳,療育手帳,A1,手当・年金等,障がい児福祉手当,△,
療育手帳,療育手帳,A1,手当・年金等,特別障がい者手当,△,
療育手帳,療育手帳,A1,手当・年金等,神奈川県在宅重度障がい者等手当,△,
療育手帳,療育手帳,A1,手当・年金等,藤沢市障がい者福祉手当,△,
療育手帳,療育手帳,A1,手当・年金等,藤沢市外国籍等障がい者福祉給付金,△,
療育手帳,療育手帳,A1,手当・年金等,藤沢市重度心身障がい者介護手当,△,
療育手帳,療育手帳,A1,手当・年金等,特別児童扶養手当,△,
療育手帳,療育手帳,A1,手当・年金等,児童扶養手当,△,
療育手帳,療育手帳,A1,手当・年金等,障がい厚生年金・障がい共済年金,,
療育手帳,療育手帳,A1,手当・年金等,障がい基礎年金,△,
療育手帳,療育手帳,A1,手当・年金等,特別障がい給付金,△,
療育手帳,療育手帳,A1,手当・年金等,心身障がい者扶養共済制度,○,
療育手帳,療育手帳,A1,手当・年金等,生活保護の障がい者加算,,
療育手帳,療育手帳,A1,公共料金の割引・税金の控除,下水道使用料の減額,○,
療育手帳,療育手帳,A1,公共料金の割引・税金の控除,水道料金の減額,○,
療育手帳,療育手帳,A1,公共料金の割引・税金の控除,NHK放送受信料の免除（全額）,△,
療育手帳,療育手帳,A1,公共料金の割引・税金の控除,NHK放送受信料の免除（半額）,△,
療育手帳,療育手帳,A1,公共料金の割引・税金の控除,NTT電話番号案内料の免除,○,
療育手帳,療育手帳,A1,公共料金の割引・税金の控除,携帯電話基本使用料等の割引,○,
療育手帳,療育手帳,A1,公共料金の割引・税金の控除,所得税、市・県民税、相続税の障がい者控除および市・県民税非課税基準,○,
療育手帳,療育手帳,A1,税金の控除,贈与税の非課税,○,
療育手帳,療育手帳,A1,税金の控除,個人事業税の非課税・減免,,
療育手帳,療育手帳,A1,税金の控除,預貯金の利子非課税制度,○,
療育手帳,療育手帳,A1,税金の控除,自動車税種別割・自動車税（軽自動車税）環境性能割の減免,○,
療育手帳,療育手帳,A1,税金の控除,軽自動車税種別割の減免,○,
療育手帳,療育手帳,A1,就労・雇用,藤沢公共職業安定所（ハローワーク藤沢）,○,
療育手帳,療育手帳,A1,就労・雇用,神奈川県障害者職業能力開発校,○,
療育手帳,療育手帳,A1,スポーツ・文化・レクリエーション,福祉バス「ともしび号」の運行,○,
療育手帳,療育手帳,A2,医療,精神障がい者入院医療援護金,,
療育手帳,療育手帳,A2,医療,特定健康診査・がん検診等の一部負担金の免除,○,
療育手帳,療育手帳,A2,補装具　他,補装具の購入・修理,,
療育手帳,療育手帳,A2,補装具　他,計画相談支援・障がい児相談支援,△,
療育手帳,療育手帳,A2,補装具　他,介護給付費・訓練等給付費等の支給,○,
療育手帳,療育手帳,A2,補装具　他,移動支援事業,○,
療育手帳,療育手帳,A2,補装具　他,重度身体障がい者訪問入浴サービス,,
療育手帳,療育手帳,A2,補装具　他,日中一時支援事業,,
療育手帳,療育手帳,A2,補装具　他,日常生活用具の給付,△,
療育手帳,療育手帳,A2,住宅,住宅設備改良費の助成①,,
療育手帳,療育手帳,A2,住宅,住宅設備改良費の助成②,△,
療育手帳,療育手帳,A2,住宅,市営住宅の入居優遇,○,
療育手帳,療育手帳,A2,住宅,県営住宅の入居優遇,○,
療育手帳,療育手帳,A2,住宅,身体障がい者世帯向県営住宅,,
療育手帳,療育手帳,A2,住宅,県営住宅家賃の減額,○,
療育手帳,療育手帳,A2,情報・伝達支援,点字・声の広報の発行,,
療育手帳,療育手帳,A2,情報・伝達支援,点字・声の市議会だよりの発行,,
療育手帳,療育手帳,A2,情報・伝達支援,点字・録音図書の製作と貸出,,
療育手帳,療育手帳,A2,情報・伝達支援,手話・要約筆記者の設置・派遣,,
療育手帳,療育手帳,A2,情報・伝達支援,FAX119番,,
療育手帳,療育手帳,A2,情報・伝達支援,Eメール119番通報システム,,
療育手帳,療育手帳,A2,情報・伝達支援,Net119緊急通報システム,,
療育手帳,療育手帳,A2,情報・伝達支援,県警FAX110番,,
療育手帳,療育手帳,A2,情報・伝達支援,電話リレーサービス,,
療育手帳,療育手帳,A2,情報・伝達支援,通常はがき（青い鳥はがき）の無償配布,○,
療育手帳,療育手帳,A2,情報・伝達支援,声の資源とごみの分け方・出し方（収集日程カレンダー含）の発行,,
療育手帳,療育手帳,A2,社会参加支援,鉄道等運賃の割引,○,
療育手帳,療育手帳,A2,社会参加支援,バス運賃の割引,○,
療育手帳,療育手帳,A2,社会参加支援,国内航空運賃の割引,△,
療育手帳,療育手帳,A2,社会参加支援,フェリー等運賃の割引,○,
療育手帳,療育手帳,A2,社会参加支援,タクシー料金の割引,○,
療育手帳,療育手帳,A2,社会参加支援,福祉タクシー利用助成,○,
療育手帳,療育手帳,A2,社会参加支援,有料道路通行料金の割引,○,
療育手帳,療育手帳,A2,社会参加支援,公共自動車駐車場料金の減免(湘南台駅地下自動車駐車場),○,
療育手帳,療育手帳,A2,社会参加支援,公共自動車駐車場料金の減免(奥田公園駐車場）,○,
療育手帳,療育手帳,A2,社会参加支援,市営有料自転車等駐車場利用料金の減免,○,
療育手帳,療育手帳,A2,社会参加支援,駐車禁止除外指定,○,
療育手帳,療育手帳,A2,手当・年金等,障がい児福祉手当,△,
療育手帳,療育手帳,A2,手当・年金等,特別障がい者手当,△,
療育手帳,療育手帳,A2,手当・年金等,神奈川県在宅重度障がい者等手当,△,
療育手帳,療育手帳,A2,手当・年金等,藤沢市障がい者福祉手当,△,
療育手帳,療育手帳,A2,手当・年金等,藤沢市外国籍等障がい者福祉給付金,△,
療育手帳,療育手帳,A2,手当・年金等,藤沢市重度心身障がい者介護手当,△,
療育手帳,療育手帳,A2,手当・年金等,特別児童扶養手当,△,
療育手帳,療育手帳,A2,手当・年金等,児童扶養手当,△,
療育手帳,療育手帳,A2,手当・年金等,障がい厚生年金・障がい共済年金,,
療育手帳,療育手帳,A2,手当・年金等,障がい基礎年金,△,
療育手帳,療育手帳,A2,手当・年金等,特別障がい給付金,△,
療育手帳,療育手帳,A2,手当・年金等,心身障がい者扶養共済制度,○,
療育手帳,療育手帳,A2,手当・年金等,生活保護の障がい者加算,,
療育手帳,療育手帳,A2,公共料金の割引・税金の控除,下水道使用料の減額,○,
療育手帳,療育手帳,A2,公共料金の割引・税金の控除,水道料金の減額,○,
療育手帳,療育手帳,A2,公共料金の割引・税金の控除,NHK放送受信料の免除（全額）,△,
療育手帳,療育手帳,A2,公共料金の割引・税金の控除,NHK放送受信料の免除（半額）,△,
療育手帳,療育手帳,A2,公共料金の割引・税金の控除,NTT電話番号案内料の免除,○,
療育手帳,療育手帳,A2,公共料金の割引・税金の控除,携帯電話基本使用料等の割引,○,
療育手帳,療育手帳,A2,公共料金の割引・税金の控除,所得税、市・県民税、相続税の障がい者控除および市・県民税非課税基準,○,
療育手帳,療育手帳,A2,税金の控除,贈与税の非課税,○,
療育手帳,療育手帳,A2,税金の控除,個人事業税の非課税・減免,,
療育手帳,療育手帳,A2,税金の控除,預貯金の利子非課税制度,○,
療育手帳,療育手帳,A2,税金の控除,自動車税種別割・自動車税（軽自動車税）環境性能割の減免,○,
療育手帳,療育手帳,A2,税金の控除,軽自動車税種別割の減免,○,
療育手帳,療育手帳,A2,就労・雇用,藤沢公共職業安定所（ハローワーク藤沢）,○,
療育手帳,療育手帳,A2,就労・雇用,神奈川県障害者職業能力開発校,○,
療育手帳,療育手帳,A2,スポーツ・文化・レクリエーション,福祉バス「ともしび号」の運行,○,
療育手帳,療育手帳,B1,医療,精神障がい者入院医療援護金,,
療育手帳,療育手帳,B1,医療,特定健康診査・がん検診等の一部負担金の免除,○,
療育手帳,療育手帳,B1,補装具　他,補装具の購入・修理,,
療育手帳,療育手帳,B1,補装具　他,計画相談支援・障がい児相談支援,△,
療育手帳,療育手帳,B1,補装具　他,介護給付費・訓練等給付費等の支給,○,
療育手帳,療育手帳,B1,補装具　他,移動支援事業,○,
療育手帳,療育手帳,B1,補装具　他,重度身体障がい者訪問入浴サービス,,
療育手帳,療育手帳,B1,補装具　他,日中一時支援事業,,
療育手帳,療育手帳,B1,補装具　他,日常生活用具の給付,,
療育手帳,療育手帳,B1,住宅,住宅設備改良費の助成①,,
療育手帳,療育手帳,B1,住宅,住宅設備改良費の助成②,△,
療育手帳,療育手帳,B1,住宅,市営住宅の入居優遇,○,
療育手帳,療育手帳,B1,住宅,県営住宅の入居優遇,○,
療育手帳,療育手帳,B1,住宅,身体障がい者世帯向県営住宅,,
療育手帳,療育手帳,B1,住宅,県営住宅家賃の減額,○,
療育手帳,療育手帳,B1,情報・伝達支援,点字・声の広報の発行,,
療育手帳,療育手帳,B1,情報・伝達支援,点字・声の市議会だよりの発行,,
療育手帳,療育手帳,B1,情報・伝達支援,点字・録音図書の製作と貸出,,
療育手帳,療育手帳,B1,情報・伝達支援,手話・要約筆記者の設置・派遣,,
療育手帳,療育手帳,B1,情報・伝達支援,FAX119番,,
療育手帳,療育手帳,B1,情報・伝達支援,Eメール119番通報システム,,
療育手帳,療育手帳,B1,情報・伝達支援,Net119緊急通報システム,,
療育手帳,療育手帳,B1,情報・伝達支援,県警FAX110番,,
療育手帳,療育手帳,B1,情報・伝達支援,電話リレーサービス,,
療育手帳,療育手帳,B1,情報・伝達支援,通常はがき（青い鳥はがき）の無償配布,,
療育手帳,療育手帳,B1,情報・伝達支援,声の資源とごみの分け方・出し方（収集日程カレンダー含）の発行,,
療育手帳,療育手帳,B1,社会参加支援,鉄道等運賃の割引,○,
療育手帳,療育手帳,B1,社会参加支援,バス運賃の割引,○,
療育手帳,療育手帳,B1,社会参加支援,国内航空運賃の割引,△,
療育手帳,療育手帳,B1,社会参加支援,フェリー等運賃の割引,○,
療育手帳,療育手帳,B1,社会参加支援,タクシー料金の割引,○,
療育手帳,療育手帳,B1,社会参加支援,福祉タクシー利用助成,△,
療育手帳,療育手帳,B1,社会参加支援,有料道路通行料金の割引,,
療育手帳,療育手帳,B1,社会参加支援,公共自動車駐車場料金の減免(湘南台駅地下自動車駐車場),○,
療育手帳,療育手帳,B1,社会参加支援,公共自動車駐車場料金の減免(奥田公園駐車場）,,
療育手帳,療育手帳,B1,社会参加支援,市営有料自転車等駐車場利用料金の減免,○,
療育手帳,療育手帳,B1,社会参加支援,駐車禁止除外指定,,
療育手帳,療育手帳,B1,手当・年金等,障がい児福祉手当,,
療育手帳,療育手帳,B1,手当・年金等,特別障がい者手当,,
療育手帳,療育手帳,B1,手当・年金等,神奈川県在宅重度障がい者等手当,△,
療育手帳,療育手帳,B1,手当・年金等,藤沢市障がい者福祉手当,△,
療育手帳,療育手帳,B1,手当・年金等,藤沢市外国籍等障がい者福祉給付金,△,
療育手帳,療育手帳,B1,手当・年金等,藤沢市重度心身障がい者介護手当,,
療育手帳,療育手帳,B1,手当・年金等,特別児童扶養手当,△,
療育手帳,療育手帳,B1,手当・年金等,児童扶養手当,,
療育手帳,療育手帳,B1,手当・年金等,障がい厚生年金・障がい共済年金,,
療育手帳,療育手帳,B1,手当・年金等,障がい基礎年金,△,
療育手帳,療育手帳,B1,手当・年金等,特別障がい給付金,△,
療育手帳,療育手帳,B1,手当・年金等,心身障がい者扶養共済制度,○,
療育手帳,療育手帳,B1,手当・年金等,生活保護の障がい者加算,,
療育手帳,療育手帳,B1,公共料金の割引・税金の控除,下水道使用料の減額,○,
療育手帳,療育手帳,B1,公共料金の割引・税金の控除,水道料金の減額,△,
療育手帳,療育手帳,B1,公共料金の割引・税金の控除,NHK放送受信料の免除（全額）,△,
療育手帳,療育手帳,B1,公共料金の割引・税金の控除,NHK放送受信料の免除（半額）,,
療育手帳,療育手帳,B1,公共料金の割引・税金の控除,NTT電話番号案内料の免除,○,
療育手帳,療育手帳,B1,公共料金の割引・税金の控除,携帯電話基本使用料等の割引,○,
療育手帳,療育手帳,B1,公共料金の割引・税金の控除,所得税、市・県民税、相続税の障がい者控除および市・県民税非課税基準,○,
療育手帳,療育手帳,B1,税金の控除,贈与税の非課税,,
療育手帳,療育手帳,B1,税金の控除,個人事業税の非課税・減免,,
療育手帳,療育手帳,B1,税金の控除,預貯金の利子非課税制度,○,
療育手帳,療育手帳,B1,税金の控除,自動車税種別割・自動車税（軽自動車税）環境性能割の減免,,
療育手帳,療育手帳,B1,税金の控除,軽自動車税種別割の減免,,
療育手帳,療育手帳,B1,就労・雇用,藤沢公共職業安定所（ハローワーク藤沢）,○,
療育手帳,療育手帳,B1,就労・雇用,神奈川県障害者職業能力開発校,○,
療育手帳,療育手帳,B1,スポーツ・文化・レクリエーション,福祉バス「ともしび号」の運行,○,
療育手帳,療育手帳,B2,医療,精神障がい者入院医療援護金,,
療育手帳,療育手帳,B2,医療,特定健康診査・がん検診等の一部負担金の免除,,
療育手帳,療育手帳,B2,補装具　他,補装具の購入・修理,,
療育手帳,療育手帳,B2,補装具　他,計画相談支援・障がい児相談支援,△,
療育手帳,療育手帳,B2,補装具　他,介護給付費・訓練等給付費等の支給,○,
療育手帳,療育手帳,B2,補装具　他,移動支援事業,○,
療育手帳,療育手帳,B2,補装具　他,重度身体障がい者訪問入浴サービス,,
療育手帳,療育手帳,B2,補装具　他,日中一時支援事業,,
療育手帳,療育手帳,B2,補装具　他,日常生活用具の給付,,
療育手帳,療育手帳,B2,住宅,住宅設備改良費の助成①,,
療育手帳,療育手帳,B2,住宅,住宅設備改良費の助成②,,
療育手帳,療育手帳,B2,住宅,市営住宅の入居優遇,,
療育手帳,療育手帳,B2,住宅,県営住宅の入居優遇,,
療育手帳,療育手帳,B2,住宅,身体障がい者世帯向県営住宅,,
療育手帳,療育手帳,B2,住宅,県営住宅家賃の減額,,
療育手帳,療育手帳,B2,情報・伝達支援,点字・声の広報の発行,,
療育手帳,療育手帳,B2,情報・伝達支援,点字・声の市議会だよりの発行,,
療育手帳,療育手帳,B2,情報・伝達支援,点字・録音図書の製作と貸出,,
療育手帳,療育手帳,B2,情報・伝達支援,手話・要約筆記者の設置・派遣,,
療育手帳,療育手帳,B2,情報・伝達支援,FAX119番,,
療育手帳,療育手帳,B2,情報・伝達支援,Eメール119番通報システム,,
療育手帳,療育手帳,B2,情報・伝達支援,Net119緊急通報システム,,
療育手帳,療育手帳,B2,情報・伝達支援,県警FAX110番,,
療育手帳,療育手帳,B2,情報・伝達支援,電話リレーサービス,,
療育手帳,療育手帳,B2,情報・伝達支援,通常はがき（青い鳥はがき）の無償配布,,
療育手帳,療育手帳,B2,情報・伝達支援,声の資源とごみの分け方・出し方（収集日程カレンダー含）の発行,,
療育手帳,療育手帳,B2,社会参加支援,鉄道等運賃の割引,○,
療育手帳,療育手帳,B2,社会参加支援,バス運賃の割引,○,
療育手帳,療育手帳,B2,社会参加支援,国内航空運賃の割引,△,
療育手帳,療育手帳,B2,社会参加支援,フェリー等運賃の割引,○,
療育手帳,療育手帳,B2,社会参加支援,タクシー料金の割引,○,
療育手帳,療育手帳,B2,社会参加支援,福祉タクシー利用助成,,
療育手帳,療育手帳,B2,社会参加支援,有料道路通行料金の割引,,
療育手帳,療育手帳,B2,社会参加支援,公共自動車駐車場料金の減免(湘南台駅地下自動車駐車場),○,
療育手帳,療育手帳,B2,社会参加支援,公共自動車駐車場料金の減免(奥田公園駐車場）,,
療育手帳,療育手帳,B2,社会参加支援,市営有料自転車等駐車場利用料金の減免,○,
療育手帳,療育手帳,B2,社会参加支援,駐車禁止除外指定,,
療育手帳,療育手帳,B2,手当・年金等,障がい児福祉手当,,
療育手帳,療育手帳,B2,手当・年金等,特別障がい者手当,,
療育手帳,療育手帳,B2,手当・年金等,神奈川県在宅重度障がい者等手当,,
療育手帳,療育手帳,B2,手当・年金等,藤沢市障がい者福祉手当,,
療育手帳,療育手帳,B2,手当・年金等,藤沢市外国籍等障がい者福祉給付金,,
療育手帳,療育手帳,B2,手当・年金等,藤沢市重度心身障がい者介護手当,,
療育手帳,療育手帳,B2,手当・年金等,特別児童扶養手当,△,
療育手帳,療育手帳,B2,手当・年金等,児童扶養手当,,
療育手帳,療育手帳,B2,手当・年金等,障がい厚生年金・障がい共済年金,,
療育手帳,療育手帳,B2,手当・年金等,障がい基礎年金,△,
療育手帳,療育手帳,B2,手当・年金等,特別障がい給付金,△,
療育手帳,療育手帳,B2,手当・年金等,心身障がい者扶養共済制度,○,
療育手帳,療育手帳,B2,手当・年金等,生活保護の障がい者加算,,
療育手帳,療育手帳,B2,公共料金の割引・税金の控除,下水道使用料の減額,,
療育手帳,療育手帳,B2,公共料金の割引・税金の控除,水道料金の減額,△,
療育手帳,療育手帳,B2,公共料金の割引・税金の控除,NHK放送受信料の免除（全額）,△,
療育手帳,療育手帳,B2,公共料金の割引・税金の控除,NHK放送受信料の免除（半額）,,
療育手帳,療育手帳,B2,公共料金の割引・税金の控除,NTT電話番号案内料の免除,○,
療育手帳,療育手帳,B2,公共料金の割引・税金の控除,携帯電話基本使用料等の割引,○,
療育手帳,療育手帳,B2,公共料金の割引・税金の控除,所得税、市・県民税、相続税の障がい者控除および市・県民税非課税基準,○,
療育手帳,療育手帳,B2,税金の控除,贈与税の非課税,,
療育手帳,療育手帳,B2,税金の控除,個人事業税の非課税・減免,,
療育手帳,療育手帳,B2,税金の控除,預貯金の利子非課税制度,○,
療育手帳,療育手帳,B2,税金の控除,自動車税種別割・自動車税（軽自動車税）環境性能割の減免,,
療育手帳,療育手帳,B2,税金の控除,軽自動車税種別割の減免,,
療育手帳,療育手帳,B2,就労・雇用,藤沢公共職業安定所（ハローワーク藤沢）,○,
療育手帳,療育手帳,B2,就労・雇用,神奈川県障害者職業能力開発校,○,
療育手帳,療育手帳,B2,スポーツ・文化・レクリエーション,福祉バス「ともしび号」の運行,○,
精神障がい者保健福祉手帳,精神障がい者保健福祉手帳,1級,医療,精神障がい者入院医療援護金,,
精神障がい者保健福祉手帳,精神障がい者保健福祉手帳,1級,医療,特定健康診査・がん検診等の一部負担金の免除,○,
精神障がい者保健福祉手帳,精神障がい者保健福祉手帳,1級,補装具　他,補装具の購入・修理,,
精神障がい者保健福祉手帳,精神障がい者保健福祉手帳,1級,補装具　他,計画相談支援・障がい児相談支援,△,
精神障がい者保健福祉手帳,精神障がい者保健福祉手帳,1級,補装具　他,介護給付費・訓練等給付費等の支給,○,
精神障がい者保健福祉手帳,精神障がい者保健福祉手帳,1級,補装具　他,移動支援事業,○,
精神障がい者保健福祉手帳,精神障がい者保健福祉手帳,1級,補装具　他,重度身体障がい者訪問入浴サービス,,
精神障がい者保健福祉手帳,精神障がい者保健福祉手帳,1級,補装具　他,日中一時支援事業,,
精神障がい者保健福祉手帳,精神障がい者保健福祉手帳,1級,補装具　他,日常生活用具の給付,△,
精神障がい者保健福祉手帳,精神障がい者保健福祉手帳,1級,住宅,住宅設備改良費の助成①,,
精神障がい者保健福祉手帳,精神障がい者保健福祉手帳,1級,住宅,住宅設備改良費の助成②,,
精神障がい者保健福祉手帳,精神障がい者保健福祉手帳,1級,住宅,市営住宅の入居優遇,○,
精神障がい者保健福祉手帳,精神障がい者保健福祉手帳,1級,住宅,県営住宅の入居優遇,○,
精神障がい者保健福祉手帳,精神障がい者保健福祉手帳,1級,住宅,身体障がい者世帯向県営住宅,,
精神障がい者保健福祉手帳,精神障がい者保健福祉手帳,1級,住宅,県営住宅家賃の減額,○,
精神障がい者保健福祉手帳,精神障がい者保健福祉手帳,1級,情報・伝達支援,点字・声の広報の発行,,
精神障がい者保健福祉手帳,精神障がい者保健福祉手帳,1級,情報・伝達支援,点字・声の市議会だよりの発行,,
精神障がい者保健福祉手帳,精神障がい者保健福祉手帳,1級,情報・伝達支援,点字・録音図書の製作と貸出,,
精神障がい者保健福祉手帳,精神障がい者保健福祉手帳,1級,情報・伝達支援,手話・要約筆記者の設置・派遣,,
精神障がい者保健福祉手帳,精神障がい者保健福祉手帳,1級,情報・伝達支援,FAX119番,,
精神障がい者保健福祉手帳,精神障がい者保健福祉手帳,1級,情報・伝達支援,Eメール119番通報システム,,
精神障がい者保健福祉手帳,精神障がい者保健福祉手帳,1級,情報・伝達支援,Net119緊急通報システム,,
精神障がい者保健福祉手帳,精神障がい者保健福祉手帳,1級,情報・伝達支援,県警FAX110番,,
精神障がい者保健福祉手帳,精神障がい者保健福祉手帳,1級,情報・伝達支援,電話リレーサービス,,
精神障がい者保健福祉手帳,精神障がい者保健福祉手帳,1級,情報・伝達支援,通常はがき（青い鳥はがき）の無償配布,,
精神障がい者保健福祉手帳,精神障がい者保健福祉手帳,1級,情報・伝達支援,声の資源とごみの分け方・出し方（収集日程カレンダー含）の発行,,
精神障がい者保健福祉手帳,精神障がい者保健福祉手帳,1級,社会参加支援,鉄道等運賃の割引,,
精神障がい者保健福祉手帳,精神障がい者保健福祉手帳,1級,社会参加支援,バス運賃の割引,,
精神障がい者保健福祉手帳,精神障がい者保健福祉手帳,1級,社会参加支援,国内航空運賃の割引,△,
精神障がい者保健福祉手帳,精神障がい者保健福祉手帳,1級,社会参加支援,フェリー等運賃の割引,△,
精神障がい者保健福祉手帳,精神障がい者保健福祉手帳,1級,社会参加支援,タクシー料金の割引,△,
精神障がい者保健福祉手帳,精神障がい者保健福祉手帳,1級,社会参加支援,福祉タクシー利用助成,○,
精神障がい者保健福祉手帳,精神障がい者保健福祉手帳,1級,社会参加支援,有料道路通行料金の割引,,
精神障がい者保健福祉手帳,精神障がい者保健福祉手帳,1級,社会参加支援,公共自動車駐車場料金の減免(湘南台駅地下自動車駐車場),○,
精神障がい者保健福祉手帳,精神障がい者保健福祉手帳,1級,社会参加支援,公共自動車駐車場料金の減免(奥田公園駐車場）,○,
精神障がい者保健福祉手帳,精神障がい者保健福祉手帳,1級,社会参加支援,市営有料自転車等駐車場利用料金の減免,○,
精神障がい者保健福祉手帳,精神障がい者保健福祉手帳,1級,社会参加支援,駐車禁止除外指定,△,
精神障がい者保健福祉手帳,精神障がい者保健福祉手帳,1級,手当・年金等,障がい児福祉手当,△,
精神障がい者保健福祉手帳,精神障がい者保健福祉手帳,1級,手当・年金等,特別障がい者手当,△,
精神障がい者保健福祉手帳,精神障がい者保健福祉手帳,1級,手当・年金等,神奈川県在宅重度障がい者等手当,△,
精神障がい者保健福祉手帳,精神障がい者保健福祉手帳,1級,手当・年金等,藤沢市障がい者福祉手当,△,
精神障がい者保健福祉手帳,精神障がい者保健福祉手帳,1級,手当・年金等,藤沢市外国籍等障がい者福祉給付金,△,
精神障がい者保健福祉手帳,精神障がい者保健福祉手帳,1級,手当・年金等,藤沢市重度心身障がい者介護手当,,
精神障がい者保健福祉手帳,精神障がい者保健福祉手帳,1級,手当・年金等,特別児童扶養手当,△,
精神障がい者保健福祉手帳,精神障がい者保健福祉手帳,1級,手当・年金等,児童扶養手当,△,
精神障がい者保健福祉手帳,精神障がい者保健福祉手帳,1級,手当・年金等,障がい厚生年金・障がい共済年金,△,
精神障がい者保健福祉手帳,精神障がい者保健福祉手帳,1級,手当・年金等,障がい基礎年金,△,
精神障がい者保健福祉手帳,精神障がい者保健福祉手帳,1級,手当・年金等,特別障がい給付金,△,
精神障がい者保健福祉手帳,精神障がい者保健福祉手帳,1級,手当・年金等,心身障がい者扶養共済制度,○,
精神障がい者保健福祉手帳,精神障がい者保健福祉手帳,1級,手当・年金等,生活保護の障がい者加算,△,
精神障がい者保健福祉手帳,精神障がい者保健福祉手帳,1級,公共料金の割引・税金の控除,下水道使用料の減額,○,
精神障がい者保健福祉手帳,精神障がい者保健福祉手帳,1級,公共料金の割引・税金の控除,水道料金の減額,○,
精神障がい者保健福祉手帳,精神障がい者保健福祉手帳,1級,公共料金の割引・税金の控除,NHK放送受信料の免除（全額）,△,
精神障がい者保健福祉手帳,精神障がい者保健福祉手帳,1級,公共料金の割引・税金の控除,NHK放送受信料の免除（半額）,△,
精神障がい者保健福祉手帳,精神障がい者保健福祉手帳,1級,公共料金の割引・税金の控除,NTT電話番号案内料の免除,○,
精神障がい者保健福祉手帳,精神障がい者保健福祉手帳,1級,公共料金の割引・税金の控除,携帯電話基本使用料等の割引,○,
精神障がい者保健福祉手帳,精神障がい者保健福祉手帳,1級,公共料金の割引・税金の控除,所得税、市・県民税、相続税の障がい者控除および市・県民税非課税基準,○,
精神障がい者保健福祉手帳,精神障がい者保健福祉手帳,1級,税金の控除,贈与税の非課税,○,
精神障がい者保健福祉手帳,精神障がい者保健福祉手帳,1級,税金の控除,個人事業税の非課税・減免,,
精神障がい者保健福祉手帳,精神障がい者保健福祉手帳,1級,税金の控除,預貯金の利子非課税制度,○,
精神障がい者保健福祉手帳,精神障がい者保健福祉手帳,1級,税金の控除,自動車税種別割・自動車税（軽自動車税）環境性能割の減免,○,
精神障がい者保健福祉手帳,精神障がい者保健福祉手帳,1級,税金の控除,軽自動車税種別割の減免,○,
精神障がい者保健福祉手帳,精神障がい者保健福祉手帳,1級,就労・雇用,藤沢公共職業安定所（ハローワーク藤沢）,○,
精神障がい者保健福祉手帳,精神障がい者保健福祉手帳,1級,就労・雇用,神奈川県障害者職業能力開発校,○,
精神障がい者保健福祉手帳,精神障がい者保健福祉手帳,1級,スポーツ・文化・レクリエーション,福祉バス「ともしび号」の運行,○,
精神障がい者保健福祉手帳,精神障がい者保健福祉手帳,2級,医療,精神障がい者入院医療援護金,,
精神障がい者保健福祉手帳,精神障がい者保健福祉手帳,2級,医療,特定健康診査・がん検診等の一部負担金の免除,○,
精神障がい者保健福祉手帳,精神障がい者保健福祉手帳,2級,補装具　他,補装具の購入・修理,,
精神障がい者保健福祉手帳,精神障がい者保健福祉手帳,2級,補装具　他,計画相談支援・障がい児相談支援,△,
精神障がい者保健福祉手帳,精神障がい者保健福祉手帳,2級,補装具　他,介護給付費・訓練等給付費等の支給,○,
精神障がい者保健福祉手帳,精神障がい者保健福祉手帳,2級,補装具　他,移動支援事業,○,
精神障がい者保健福祉手帳,精神障がい者保健福祉手帳,2級,補装具　他,重度身体障がい者訪問入浴サービス,,
精神障がい者保健福祉手帳,精神障がい者保健福祉手帳,2級,補装具　他,日中一時支援事業,,
精神障がい者保健福祉手帳,精神障がい者保健福祉手帳,2級,補装具　他,日常生活用具の給付,,
精神障がい者保健福祉手帳,精神障がい者保健福祉手帳,2級,住宅,住宅設備改良費の助成①,,
精神障がい者保健福祉手帳,精神障がい者保健福祉手帳,2級,住宅,住宅設備改良費の助成②,,
精神障がい者保健福祉手帳,精神障がい者保健福祉手帳,2級,住宅,市営住宅の入居優遇,○,
精神障がい者保健福祉手帳,精神障がい者保健福祉手帳,2級,住宅,県営住宅の入居優遇,○,
精神障がい者保健福祉手帳,精神障がい者保健福祉手帳,2級,住宅,身体障がい者世帯向県営住宅,,
精神障がい者保健福祉手帳,精神障がい者保健福祉手帳,2級,住宅,県営住宅家賃の減額,○,
精神障がい者保健福祉手帳,精神障がい者保健福祉手帳,2級,情報・伝達支援,点字・声の広報の発行,,
精神障がい者保健福祉手帳,精神障がい者保健福祉手帳,2級,情報・伝達支援,点字・声の市議会だよりの発行,,
精神障がい者保健福祉手帳,精神障がい者保健福祉手帳,2級,情報・伝達支援,点字・録音図書の製作と貸出,,
精神障がい者保健福祉手帳,精神障がい者保健福祉手帳,2級,情報・伝達支援,手話・要約筆記者の設置・派遣,,
精神障がい者保健福祉手帳,精神障がい者保健福祉手帳,2級,情報・伝達支援,FAX119番,,
精神障がい者保健福祉手帳,精神障がい者保健福祉手帳,2級,情報・伝達支援,Eメール119番通報システム,,
精神障がい者保健福祉手帳,精神障がい者保健福祉手帳,2級,情報・伝達支援,Net119緊急通報システム,,
精神障がい者保健福祉手帳,精神障がい者保健福祉手帳,2級,情報・伝達支援,県警FAX110番,,
精神障がい者保健福祉手帳,精神障がい者保健福祉手帳,2級,情報・伝達支援,電話リレーサービス,,
精神障がい者保健福祉手帳,精神障がい者保健福祉手帳,2級,情報・伝達支援,通常はがき（青い鳥はがき）の無償配布,,
精神障がい者保健福祉手帳,精神障がい者保健福祉手帳,2級,情報・伝達支援,声の資源とごみの分け方・出し方（収集日程カレンダー含）の発行,,
精神障がい者保健福祉手帳,精神障がい者保健福祉手帳,2級,社会参加支援,鉄道等運賃の割引,,
精神障がい者保健福祉手帳,精神障がい者保健福祉手帳,2級,社会参加支援,バス運賃の割引,,
精神障がい者保健福祉手帳,精神障がい者保健福祉手帳,2級,社会参加支援,国内航空運賃の割引,△,
精神障がい者保健福祉手帳,精神障がい者保健福祉手帳,2級,社会参加支援,フェリー等運賃の割引,△,
精神障がい者保健福祉手帳,精神障がい者保健福祉手帳,2級,社会参加支援,タクシー料金の割引,△,
精神障がい者保健福祉手帳,精神障がい者保健福祉手帳,2級,社会参加支援,福祉タクシー利用助成,,
精神障がい者保健福祉手帳,精神障がい者保健福祉手帳,2級,社会参加支援,有料道路通行料金の割引,,
精神障がい者保健福祉手帳,精神障がい者保健福祉手帳,2級,社会参加支援,公共自動車駐車場料金の減免(湘南台駅地下自動車駐車場),○,
精神障がい者保健福祉手帳,精神障がい者保健福祉手帳,2級,社会参加支援,公共自動車駐車場料金の減免(奥田公園駐車場）,○,
精神障がい者保健福祉手帳,精神障がい者保健福祉手帳,2級,社会参加支援,市営有料自転車等駐車場利用料金の減免,○,
精神障がい者保健福祉手帳,精神障がい者保健福祉手帳,2級,社会参加支援,駐車禁止除外指定,,
精神障がい者保健福祉手帳,精神障がい者保健福祉手帳,2級,手当・年金等,障がい児福祉手当,,
精神障がい者保健福祉手帳,精神障がい者保健福祉手帳,2級,手当・年金等,特別障がい者手当,,
精神障がい者保健福祉手帳,精神障がい者保健福祉手帳,2級,手当・年金等,神奈川県在宅重度障がい者等手当,,
精神障がい者保健福祉手帳,精神障がい者保健福祉手帳,2級,手当・年金等,藤沢市障がい者福祉手当,△,
精神障がい者保健福祉手帳,精神障がい者保健福祉手帳,2級,手当・年金等,藤沢市外国籍等障がい者福祉給付金,△,
精神障がい者保健福祉手帳,精神障がい者保健福祉手帳,2級,手当・年金等,藤沢市重度心身障がい者介護手当,,
精神障がい者保健福祉手帳,精神障がい者保健福祉手帳,2級,手当・年金等,特別児童扶養手当,△,
精神障がい者保健福祉手帳,精神障がい者保健福祉手帳,2級,手当・年金等,児童扶養手当,△,
精神障がい者保健福祉手帳,精神障がい者保健福祉手帳,2級,手当・年金等,障がい厚生年金・障がい共済年金,△,
精神障がい者保健福祉手帳,精神障がい者保健福祉手帳,2級,手当・年金等,障がい基礎年金,△,
精神障がい者保健福祉手帳,精神障がい者保健福祉手帳,2級,手当・年金等,特別障がい給付金,△,
精神障がい者保健福祉手帳,精神障がい者保健福祉手帳,2級,手当・年金等,心身障がい者扶養共済制度,○,
精神障がい者保健福祉手帳,精神障がい者保健福祉手帳,2級,手当・年金等,生活保護の障がい者加算,△,
精神障がい者保健福祉手帳,精神障がい者保健福祉手帳,2級,公共料金の割引・税金の控除,下水道使用料の減額,○,
精神障がい者保健福祉手帳,精神障がい者保健福祉手帳,2級,公共料金の割引・税金の控除,水道料金の減額,△,
精神障がい者保健福祉手帳,精神障がい者保健福祉手帳,2級,公共料金の割引・税金の控除,NHK放送受信料の免除（全額）,△,
精神障がい者保健福祉手帳,精神障がい者保健福祉手帳,2級,公共料金の割引・税金の控除,NHK放送受信料の免除（半額）,,
精神障がい者保健福祉手帳,精神障がい者保健福祉手帳,2級,公共料金の割引・税金の控除,NTT電話番号案内料の免除,○,
精神障がい者保健福祉手帳,精神障がい者保健福祉手帳,2級,公共料金の割引・税金の控除,携帯電話基本使用料等の割引,○,
精神障がい者保健福祉手帳,精神障がい者保健福祉手帳,2級,公共料金の割引・税金の控除,所得税、市・県民税、相続税の障がい者控除および市・県民税非課税基準,○,
精神障がい者保健福祉手帳,精神障がい者保健福祉手帳,2級,税金の控除,贈与税の非課税,,
精神障がい者保健福祉手帳,精神障がい者保健福祉手帳,2級,税金の控除,個人事業税の非課税・減免,,
精神障がい者保健福祉手帳,精神障がい者保健福祉手帳,2級,税金の控除,預貯金の利子非課税制度,○,
精神障がい者保健福祉手帳,精神障がい者保健福祉手帳,2級,税金の控除,自動車税種別割・自動車税（軽自動車税）環境性能割の減免,,
精神障がい者保健福祉手帳,精神障がい者保健福祉手帳,2級,税金の控除,軽自動車税種別割の減免,,
精神障がい者保健福祉手帳,精神障がい者保健福祉手帳,2級,就労・雇用,藤沢公共職業安定所（ハローワーク藤沢）,○,
精神障がい者保健福祉手帳,精神障がい者保健福祉手帳,2級,就労・雇用,神奈川県障害者職業能力開発校,○,
精神障がい者保健福祉手帳,精神障がい者保健福祉手帳,2級,スポーツ・文化・レクリエーション,福祉バス「ともしび号」の運行,○,
精神障がい者保健福祉手帳,精神障がい者保健福祉手帳,3級,医療,精神障がい者入院医療援護金,△,
精神障がい者保健福祉手帳,精神障がい者保健福祉手帳,3級,医療,特定健康診査・がん検診等の一部負担金の免除,,
精神障がい者保健福祉手帳,精神障がい者保健福祉手帳,3級,補装具　他,補装具の購入・修理,,
精神障がい者保健福祉手帳,精神障がい者保健福祉手帳,3級,補装具　他,計画相談支援・障がい児相談支援,△,
精神障がい者保健福祉手帳,精神障がい者保健福祉手帳,3級,補装具　他,介護給付費・訓練等給付費等の支給,○,
精神障がい者保健福祉手帳,精神障がい者保健福祉手帳,3級,補装具　他,移動支援事業,○,
精神障がい者保健福祉手帳,精神障がい者保健福祉手帳,3級,補装具　他,重度身体障がい者訪問入浴サービス,,
精神障がい者保健福祉手帳,精神障がい者保健福祉手帳,3級,補装具　他,日中一時支援事業,,
精神障がい者保健福祉手帳,精神障がい者保健福祉手帳,3級,補装具　他,日常生活用具の給付,,
精神障がい者保健福祉手帳,精神障がい者保健福祉手帳,3級,住宅,住宅設備改良費の助成①,,
精神障がい者保健福祉手帳,精神障がい者保健福祉手帳,3級,住宅,住宅設備改良費の助成②,,
精神障がい者保健福祉手帳,精神障がい者保健福祉手帳,3級,住宅,市営住宅の入居優遇,○,
精神障がい者保健福祉手帳,精神障がい者保健福祉手帳,3級,住宅,県営住宅の入居優遇,○,
精神障がい者保健福祉手帳,精神障がい者保健福祉手帳,3級,住宅,身体障がい者世帯向県営住宅,,
精神障がい者保健福祉手帳,精神障がい者保健福祉手帳,3級,住宅,県営住宅家賃の減額,,
精神障がい者保健福祉手帳,精神障がい者保健福祉手帳,3級,情報・伝達支援,点字・声の広報の発行,,
精神障がい者保健福祉手帳,精神障がい者保健福祉手帳,3級,情報・伝達支援,点字・声の市議会だよりの発行,,
精神障がい者保健福祉手帳,精神障がい者保健福祉手帳,3級,情報・伝達支援,点字・録音図書の製作と貸出,,
精神障がい者保健福祉手帳,精神障がい者保健福祉手帳,3級,情報・伝達支援,手話・要約筆記者の設置・派遣,,
精神障がい者保健福祉手帳,精神障がい者保健福祉手帳,3級,情報・伝達支援,FAX119番,,
精神障がい者保健福祉手帳,精神障がい者保健福祉手帳,3級,情報・伝達支援,Eメール119番通報システム,,
精神障がい者保健福祉手帳,精神障がい者保健福祉手帳,3級,情報・伝達支援,Net119緊急通報システム,,
精神障がい者保健福祉手帳,精神障がい者保健福祉手帳,3級,情報・伝達支援,県警FAX110番,,
精神障がい者保健福祉手帳,精神障がい者保健福祉手帳,3級,情報・伝達支援,電話リレーサービス,,
精神障がい者保健福祉手帳,精神障がい者保健福祉手帳,3級,情報・伝達支援,通常はがき（青い鳥はがき）の無償配布,,
精神障がい者保健福祉手帳,精神障がい者保健福祉手帳,3級,情報・伝達支援,声の資源とごみの分け方・出し方（収集日程カレンダー含）の発行,,
精神障がい者保健福祉手帳,精神障がい者保健福祉手帳,3級,社会参加支援,鉄道等運賃の割引,,
精神障がい者保健福祉手帳,精神障がい者保健福祉手帳,3級,社会参加支援,バス運賃の割引,,
精神障がい者保健福祉手帳,精神障がい者保健福祉手帳,3級,社会参加支援,国内航空運賃の割引,△,
精神障がい者保健福祉手帳,精神障がい者保健福祉手帳,3級,社会参加支援,フェリー等運賃の割引,△,
精神障がい者保健福祉手帳,精神障がい者保健福祉手帳,3級,社会参加支援,タクシー料金の割引,△,
精神障がい者保健福祉手帳,精神障がい者保健福祉手帳,3級,社会参加支援,福祉タクシー利用助成,,
精神障がい者保健福祉手帳,精神障がい者保健福祉手帳,3級,社会参加支援,有料道路通行料金の割引,,
精神障がい者保健福祉手帳,精神障がい者保健福祉手帳,3級,社会参加支援,公共自動車駐車場料金の減免(湘南台駅地下自動車駐車場),○,
精神障がい者保健福祉手帳,精神障がい者保健福祉手帳,3級,社会参加支援,公共自動車駐車場料金の減免(奥田公園駐車場）,○,
精神障がい者保健福祉手帳,精神障がい者保健福祉手帳,3級,社会参加支援,市営有料自転車等駐車場利用料金の減免,○,
精神障がい者保健福祉手帳,精神障がい者保健福祉手帳,3級,社会参加支援,駐車禁止除外指定,,
精神障がい者保健福祉手帳,精神障がい者保健福祉手帳,3級,手当・年金等,障がい児福祉手当,,
精神障がい者保健福祉手帳,精神障がい者保健福祉手帳,3級,手当・年金等,特別障がい者手当,,
精神障がい者保健福祉手帳,精神障がい者保健福祉手帳,3級,手当・年金等,神奈川県在宅重度障がい者等手当,,
精神障がい者保健福祉手帳,精神障がい者保健福祉手帳,3級,手当・年金等,藤沢市障がい者福祉手当,,
精神障がい者保健福祉手帳,精神障がい者保健福祉手帳,3級,手当・年金等,藤沢市外国籍等障がい者福祉給付金,,
精神障がい者保健福祉手帳,精神障がい者保健福祉手帳,3級,手当・年金等,藤沢市重度心身障がい者介護手当,,
精神障がい者保健福祉手帳,精神障がい者保健福祉手帳,3級,手当・年金等,特別児童扶養手当,,
精神障がい者保健福祉手帳,精神障がい者保健福祉手帳,3級,手当・年金等,児童扶養手当,△,
精神障がい者保健福祉手帳,精神障がい者保健福祉手帳,3級,手当・年金等,障がい厚生年金・障がい共済年金,△,
精神障がい者保健福祉手帳,精神障がい者保健福祉手帳,3級,手当・年金等,障がい基礎年金,,
精神障がい者保健福祉手帳,精神障がい者保健福祉手帳,3級,手当・年金等,特別障がい給付金,,
精神障がい者保健福祉手帳,精神障がい者保健福祉手帳,3級,手当・年金等,心身障がい者扶養共済制度,△,
精神障がい者保健福祉手帳,精神障がい者保健福祉手帳,3級,手当・年金等,生活保護の障がい者加算,,
精神障がい者保健福祉手帳,精神障がい者保健福祉手帳,3級,公共料金の割引・税金の控除,下水道使用料の減額,,
精神障がい者保健福祉手帳,精神障がい者保健福祉手帳,3級,公共料金の割引・税金の控除,水道料金の減額,,
精神障がい者保健福祉手帳,精神障がい者保健福祉手帳,3級,公共料金の割引・税金の控除,NHK放送受信料の免除（全額）,△,
精神障がい者保健福祉手帳,精神障がい者保健福祉手帳,3級,公共料金の割引・税金の控除,NHK放送受信料の免除（半額）,,
精神障がい者保健福祉手帳,精神障がい者保健福祉手帳,3級,公共料金の割引・税金の控除,NTT電話番号案内料の免除,○,
精神障がい者保健福祉手帳,精神障がい者保健福祉手帳,3級,公共料金の割引・税金の控除,携帯電話基本使用料等の割引,○,
精神障がい者保健福祉手帳,精神障がい者保健福祉手帳,3級,公共料金の割引・税金の控除,所得税、市・県民税、相続税の障がい者控除および市・県民税非課税基準,○,
精神障がい者保健福祉手帳,精神障がい者保健福祉手帳,3級,税金の控除,贈与税の非課税,,
精神障がい者保健福祉手帳,精神障がい者保健福祉手帳,3級,税金の控除,個人事業税の非課税・減免,,
精神障がい者保健福祉手帳,精神障がい者保健福祉手帳,3級,税金の控除,預貯金の利子非課税制度,○,
精神障がい者保健福祉手帳,精神障がい者保健福祉手帳,3級,税金の控除,自動車税種別割・自動車税（軽自動車税）環境性能割の減免,,
精神障がい者保健福祉手帳,精神障がい者保健福祉手帳,3級,税金の控除,軽自動車税種別割の減免,,
精神障がい者保健福祉手帳,精神障がい者保健福祉手帳,3級,就労・雇用,藤沢公共職業安定所（ハローワーク藤沢）,○,
精神障がい者保健福祉手帳,精神障がい者保健福祉手帳,3級,就労・雇用,神奈川県障害者職業能力開発校,○,
精神障がい者保健福祉手帳,精神障がい者保健福祉手帳,3級,スポーツ・文化・レクリエーション,福祉バス「ともしび号」の運行,○,